"ID","time","preventable_hospitalizations:prevent_hosp_rate","3rd_grade_median_read_score:median_read_pass_rate","post_hs_education:num_post_hs_edu","post_hs_education:perc_post_hs_edu","no_health_insurance_19_to_64:no_hlth_ins_pct","pct_pop_broadband:perc_w_broadband","pct_pop_cable_fiber_dsl:perc_w_cable_fiber_DSL","have_computer:perc_have_computer","have_internet:perc_have_internet_access","download_speeds:download","drive_times_nearest_2year_colleges:median_drive_time_top5","drive_times_nearest_2year_colleges:median_drive_time_top10","drive_times_nearest_2year_colleges:mean_drive_time_top5","drive_times_nearest_2year_colleges:mean_drive_time_top10","drive_times_nearest_daycares:median_drive_time_top5","drive_times_nearest_daycares:median_drive_time_top10","drive_times_nearest_daycares:mean_drive_time_top10","drive_times_nearest_daycares:mean_drive_time_top5","drive_times_nearest_trade_schools:mean_drive_time_top10","drive_times_nearest_trade_schools:median_drive_time_top10","drive_times_nearest_trade_schools:mean_drive_time_top5","drive_times_nearest_trade_schools:median_drive_time_top5","dei_index:norm_dei","2year_colleges_access_scores:norm_2sefca","2year_colleges_access_scores:3sfca_tot_enrol","2year_colleges_access_scores:2sefca30_tot_enrol","2year_colleges_access_scores:norm_3sfca","2year_colleges_access_scores:perc_2sefca","2year_colleges_access_scores:perc_3sfca","2year_colleges_access_scores:capacity","2year_colleges_access_scores:2sfca30_capacity","2year_colleges_access_scores:norm_2sfca","2year_colleges_access_scores:college_capacity","2year_colleges_access_scores:perc_2sfca30","2year_colleges_access_scores:3sfca_capacity","health_literacy_estimates:health_literacy_estimate","trade_schools_access_scores:norm_3sfca","trade_schools_access_scores:college_capacity","trade_schools_access_scores:2sfca30_capacity","trade_schools_access_scores:perc_2sfca30","trade_schools_access_scores:3sfca_capacity","trade_schools_access_scores:perc_3sfca","trade_schools_access_scores:norm_2sfca","trade_schools_access_scores:capacity","trade_schools_access_scores:3sfca_tot_enrol","trade_schools_access_scores:norm_2sefca","trade_schools_access_scores:2sefca30_tot_enrol","trade_schools_access_scores:perc_2sefca","daycare_services_access_scores:daycare_3sfca_capacity","daycare_services_access_scores:daycare_cnt","daycare_services_access_scores:daycare_norm_3sfca","dentist_access_scores:dent_fca","dentist_access_scores:dent_e2sfca","dentist_access_scores:dent_2sfca","dentist_access_scores:dent_3sfca","dentist_access_scores:dent_cnt","dentist_access_scores:dent_pop_cnt","dentist_access_scores:dent_mean10","dentist_access_scores:dent_median10","obgyn_access_scores:obgyn_fca","obgyn_access_scores:obgyn_e2sfca","obgyn_access_scores:obgyn_2sfca","obgyn_access_scores:obgyn_cnt","obgyn_access_scores:obgyn_3sfca","obgyn_access_scores:obgyn_pop_cnt","obgyn_access_scores:obgyn_mean10","obgyn_access_scores:obgyn_median10","pediatrics_access_scores:ped_fca","pediatrics_access_scores:ped_2sfca","pediatrics_access_scores:ped_e2sfca","pediatrics_access_scores:ped_3sfca","pediatrics_access_scores:ped_cnt","pediatrics_access_scores:ped_pop_cnt","pediatrics_access_scores:ped_10near_mean","pediatrics_access_scores:ped_10near_median","pediatrics_access_scores:ped_mean10","pediatrics_access_scores:ped_median10","primary_care_access_scores:prim_fca","primary_care_access_scores:prim_cnt","primary_care_access_scores:prim_2sfca","primary_care_access_scores:prim_e2sfca","primary_care_access_scores:prim_3sfca","primary_care_access_scores:prim_pop_cnt","primary_care_access_scores:prim_mean10","primary_care_access_scores:prim_median10"
"14",2015,4330,NA,NA,NA,2.4,NA,NA,NA,NA,NA,NA,NA,NA,NA,NA,NA,NA,NA,NA,NA,NA,NA,NA,NA,NA,NA,NA,NA,NA,NA,NA,NA,NA,NA,NA,NA,NA,NA,NA,NA,NA,NA,NA,NA,NA,NA,NA,NA,NA,NA,NA,NA,NA,NA,NA,NA,NA,NA,NA,NA,NA,NA,NA,NA,NA,NA,NA,NA,NA,NA,NA,NA,NA,NA,NA,NA,NA,NA,NA,NA,NA,NA,NA,NA,NA
"14",2016,3988,NA,NA,NA,2.19,NA,NA,NA,NA,NA,NA,NA,NA,NA,NA,NA,NA,NA,NA,NA,NA,NA,NA,NA,NA,NA,NA,NA,NA,NA,NA,NA,NA,NA,NA,NA,NA,NA,NA,NA,NA,NA,NA,NA,NA,NA,NA,NA,NA,NA,NA,NA,NA,NA,NA,NA,NA,NA,NA,NA,NA,NA,NA,NA,NA,NA,NA,NA,NA,NA,NA,NA,NA,NA,NA,NA,NA,NA,NA,NA,NA,NA,NA,NA,NA
"14",2017,3917,NA,NA,NA,2.19,0.832747888831622,0.758728144947072,NA,NA,NA,NA,NA,NA,NA,NA,NA,NA,NA,NA,NA,NA,NA,NA,NA,NA,NA,NA,NA,NA,NA,NA,NA,NA,NA,NA,NA,NA,NA,NA,NA,NA,NA,NA,NA,NA,NA,NA,NA,NA,NA,NA,NA,NA,NA,NA,NA,NA,NA,NA,NA,NA,NA,NA,NA,NA,NA,NA,NA,NA,NA,NA,NA,NA,NA,NA,NA,NA,NA,NA,NA,NA,NA,NA,NA,NA
"14",2018,3869,NA,NA,NA,2.18,0.853749872158979,0.771774276026465,NA,NA,NA,NA,NA,NA,NA,NA,NA,NA,NA,NA,NA,NA,NA,NA,NA,NA,NA,NA,NA,NA,NA,NA,NA,NA,NA,NA,NA,NA,NA,NA,NA,NA,NA,NA,NA,NA,NA,NA,NA,NA,NA,NA,NA,NA,NA,NA,NA,NA,NA,NA,NA,NA,NA,NA,NA,NA,NA,NA,NA,NA,NA,NA,NA,NA,NA,NA,NA,NA,NA,NA,NA,NA,NA,NA,NA,NA
"14",2019,3656,16,160033,0.705103011931408,2.15,0.861665524971977,0.777120438410761,92.0343442520862,88.113401419853,135.67941342728,NA,NA,NA,NA,NA,NA,NA,NA,NA,NA,NA,NA,74.2097100647429,25.36007068,1.063475646,1.341591175,19.12086434,65.71428571,54.28571429,14997,NA,NA,NA,NA,NA,0.219303423848879,22.9313026002373,NA,NA,NA,NA,57.1428571428571,NA,200,0.898550742726443,21.2964499425431,0.756325948337099,71.4285714285714,1.3704011918195,21633,70.5227981708612,NA,NA,NA,NA,NA,NA,NA,NA,NA,NA,NA,NA,NA,NA,NA,NA,NA,NA,NA,NA,NA,NA,NA,NA,NA,NA,NA,NA,NA,NA,NA,NA,NA,NA
"14",2020,3632,NA,NA,NA,NA,NA,NA,NA,NA,156.588095894509,NA,NA,NA,NA,NA,NA,NA,NA,NA,NA,NA,NA,73.1627752237318,NA,NA,NA,NA,NA,NA,NA,NA,NA,NA,NA,NA,NA,NA,NA,NA,NA,NA,NA,NA,NA,NA,NA,NA,NA,NA,NA,NA,NA,NA,NA,NA,NA,NA,NA,NA,NA,NA,NA,NA,NA,NA,NA,NA,NA,NA,NA,NA,NA,NA,NA,NA,NA,NA,NA,NA,NA,NA,NA,NA,NA,NA
"14",2021,3241,8,NA,NA,NA,NA,NA,NA,NA,177.935054844638,19.6,25.85,20.44,33.04,3.3,3.5,3.46,3.02,54.12,54.1,25.88,24.4,73.1828501053592,NA,NA,NA,NA,NA,NA,NA,NA,NA,NA,NA,NA,NA,NA,NA,NA,NA,NA,NA,NA,NA,NA,NA,NA,NA,NA,NA,NA,0.00153525619737676,0.000346789280583913,0.000368555188494729,0.00031641576242393,207,327535,5.36527754285802,5.54242416840948,0.0507648281508592,0.000930472114613072,0.000873516519048871,201,0.000863408941262133,141950,8.41727692849595,8.80518492426911,0.0752763543531717,0.00329503060801021,0.00453788606416335,0.00418950726915994,284,75033,NA,NA,6.1666961203737,6.36323417696214,0.0670922549665097,971,0.00308577081507276,0.00381998142479389,0.0035896986591343,327535,4.34160849985498,4.60791365808234
"10",2015,15047.25,NA,NA,NA,0.3675,NA,NA,NA,NA,NA,NA,NA,NA,NA,NA,NA,NA,NA,NA,NA,NA,NA,NA,NA,NA,NA,NA,NA,NA,NA,NA,NA,NA,NA,NA,NA,NA,NA,NA,NA,NA,NA,NA,NA,NA,NA,NA,NA,NA,NA,NA,NA,NA,NA,NA,NA,NA,NA,NA,NA,NA,NA,NA,NA,NA,NA,NA,NA,NA,NA,NA,NA,NA,NA,NA,NA,NA,NA,NA,NA,NA,NA,NA,NA,NA
"10",2016,11939.75,NA,NA,NA,0.39,NA,NA,NA,NA,NA,NA,NA,NA,NA,NA,NA,NA,NA,NA,NA,NA,NA,NA,NA,NA,NA,NA,NA,NA,NA,NA,NA,NA,NA,NA,NA,NA,NA,NA,NA,NA,NA,NA,NA,NA,NA,NA,NA,NA,NA,NA,NA,NA,NA,NA,NA,NA,NA,NA,NA,NA,NA,NA,NA,NA,NA,NA,NA,NA,NA,NA,NA,NA,NA,NA,NA,NA,NA,NA,NA,NA,NA,NA,NA,NA
"10",2017,11251,NA,NA,NA,0.32,0.607508610792193,0.439908151549943,NA,NA,NA,NA,NA,NA,NA,NA,NA,NA,NA,NA,NA,NA,NA,NA,NA,NA,NA,NA,NA,NA,NA,NA,NA,NA,NA,NA,NA,NA,NA,NA,NA,NA,NA,NA,NA,NA,NA,NA,NA,NA,NA,NA,NA,NA,NA,NA,NA,NA,NA,NA,NA,NA,NA,NA,NA,NA,NA,NA,NA,NA,NA,NA,NA,NA,NA,NA,NA,NA,NA,NA,NA,NA,NA,NA,NA,NA
"10",2018,9811.25,NA,NA,NA,0.2,0.634237692829888,0.453568669678597,NA,NA,NA,NA,NA,NA,NA,NA,NA,NA,NA,NA,NA,NA,NA,NA,NA,NA,NA,NA,NA,NA,NA,NA,NA,NA,NA,NA,NA,NA,NA,NA,NA,NA,NA,NA,NA,NA,NA,NA,NA,NA,NA,NA,NA,NA,NA,NA,NA,NA,NA,NA,NA,NA,NA,NA,NA,NA,NA,NA,NA,NA,NA,NA,NA,NA,NA,NA,NA,NA,NA,NA,NA,NA,NA,NA,NA,NA
"10",2019,7551.25,14,32187,0.414343091063567,0.205,0.663756296473975,0.469273207004078,75.5888702326697,69.7673302950348,64.0298261606707,NA,NA,NA,NA,NA,NA,NA,NA,NA,NA,NA,NA,2.83675694233946,0,0.057383816,0,1.031737935,31.42857143,14.28571429,160,NA,NA,NA,NA,NA,0.219303423848879,0,NA,NA,NA,NA,31.4285714285714,NA,NA,0,0,0,45.7142857142857,0.324367483957752,1291,0,NA,NA,NA,NA,NA,NA,NA,NA,NA,NA,NA,NA,NA,NA,NA,NA,NA,NA,NA,NA,NA,NA,NA,NA,NA,NA,NA,NA,NA,NA,NA,NA,NA,NA
"10",2020,7651.5,NA,NA,NA,NA,NA,NA,NA,NA,76.3596481240654,NA,NA,NA,NA,NA,NA,NA,NA,NA,NA,NA,NA,5.01169852393299,NA,NA,NA,NA,NA,NA,NA,NA,NA,NA,NA,NA,NA,NA,NA,NA,NA,NA,NA,NA,NA,NA,NA,NA,NA,NA,NA,NA,NA,NA,NA,NA,NA,NA,NA,NA,NA,NA,NA,NA,NA,NA,NA,NA,NA,NA,NA,NA,NA,NA,NA,NA,NA,NA,NA,NA,NA,NA,NA,NA,NA,NA
"10",2021,6512.25,6,NA,NA,NA,NA,NA,NA,NA,108.079955919364,122.8,160.8,107.78,163.61,40.5,49.15,48.19,41.34,325.87,388.75,252.96,276.4,7.95047098666586,NA,NA,NA,NA,NA,NA,NA,NA,NA,NA,NA,NA,NA,NA,NA,NA,NA,NA,NA,NA,NA,NA,NA,NA,NA,NA,NA,NA,0.000662043998473649,0.000201116862493505,0.000221611479433552,0.000204252422100913,28,105288,33.6921085023934,36.4011535027733,0.00169531956469478,0.000122306573934819,0.000235911122194022,7,0.000131030528108728,44817,38.8848742664614,39.0018765200705,0.00440178993931881,0.000880706964268096,0.000791323441419023,0.000806129500212545,16,20028,NA,NA,36.3704224086279,36.6376722588376,0.00406598749208256,200,0.00203236843309016,0.00179867664315002,0.00188822654325543,105288,19.4617940316085,19.4531466074007
"6",2015,5363,NA,NA,NA,0.97,NA,NA,NA,NA,NA,NA,NA,NA,NA,NA,NA,NA,NA,NA,NA,NA,NA,NA,NA,NA,NA,NA,NA,NA,NA,NA,NA,NA,NA,NA,NA,NA,NA,NA,NA,NA,NA,NA,NA,NA,NA,NA,NA,NA,NA,NA,NA,NA,NA,NA,NA,NA,NA,NA,NA,NA,NA,NA,NA,NA,NA,NA,NA,NA,NA,NA,NA,NA,NA,NA,NA,NA,NA,NA,NA,NA,NA,NA,NA,NA
"6",2016,5474,NA,NA,NA,0.98,NA,NA,NA,NA,NA,NA,NA,NA,NA,NA,NA,NA,NA,NA,NA,NA,NA,NA,NA,NA,NA,NA,NA,NA,NA,NA,NA,NA,NA,NA,NA,NA,NA,NA,NA,NA,NA,NA,NA,NA,NA,NA,NA,NA,NA,NA,NA,NA,NA,NA,NA,NA,NA,NA,NA,NA,NA,NA,NA,NA,NA,NA,NA,NA,NA,NA,NA,NA,NA,NA,NA,NA,NA,NA,NA,NA,NA,NA,NA,NA
"6",2017,4658,NA,NA,NA,1.19,0.861509556671605,0.7133721140297,NA,NA,NA,NA,NA,NA,NA,NA,NA,NA,NA,NA,NA,NA,NA,NA,NA,NA,NA,NA,NA,NA,NA,NA,NA,NA,NA,NA,NA,NA,NA,NA,NA,NA,NA,NA,NA,NA,NA,NA,NA,NA,NA,NA,NA,NA,NA,NA,NA,NA,NA,NA,NA,NA,NA,NA,NA,NA,NA,NA,NA,NA,NA,NA,NA,NA,NA,NA,NA,NA,NA,NA,NA,NA,NA,NA,NA,NA
"6",2018,5092,NA,NA,NA,1.33,0.885100320550873,0.712572717559064,NA,NA,NA,NA,NA,NA,NA,NA,NA,NA,NA,NA,NA,NA,NA,NA,NA,NA,NA,NA,NA,NA,NA,NA,NA,NA,NA,NA,NA,NA,NA,NA,NA,NA,NA,NA,NA,NA,NA,NA,NA,NA,NA,NA,NA,NA,NA,NA,NA,NA,NA,NA,NA,NA,NA,NA,NA,NA,NA,NA,NA,NA,NA,NA,NA,NA,NA,NA,NA,NA,NA,NA,NA,NA,NA,NA,NA,NA
"6",2019,4757,16,109678,0.681052147886887,1.4,0.899067755660055,0.723744534408184,94.2568562976582,91.950406015392,116.472671318176,NA,NA,NA,NA,NA,NA,NA,NA,NA,NA,NA,NA,78.4276839057509,8.769690682,0.875071418,0.463931658,15.73343211,51.42857143,45.71428571,303,NA,NA,NA,NA,NA,0.219303423848879,25.8366328706965,NA,NA,NA,NA,62.8571428571429,NA,NA,1.01239454470739,7.7759054917726,0.276154904273321,54.2857142857143,0.797361631256093,12937,31.8889061941475,NA,NA,NA,NA,NA,NA,NA,NA,NA,NA,NA,NA,NA,NA,NA,NA,NA,NA,NA,NA,NA,NA,NA,NA,NA,NA,NA,NA,NA,NA,NA,NA,NA,NA
"6",2020,5010,NA,NA,NA,NA,NA,NA,NA,NA,131.24425074557,NA,NA,NA,NA,NA,NA,NA,NA,NA,NA,NA,NA,76.1173272613291,NA,NA,NA,NA,NA,NA,NA,NA,NA,NA,NA,NA,NA,NA,NA,NA,NA,NA,NA,NA,NA,NA,NA,NA,NA,NA,NA,NA,NA,NA,NA,NA,NA,NA,NA,NA,NA,NA,NA,NA,NA,NA,NA,NA,NA,NA,NA,NA,NA,NA,NA,NA,NA,NA,NA,NA,NA,NA,NA,NA,NA,NA
"6",2021,4769,8.5,NA,NA,NA,NA,NA,NA,NA,167.276909153162,31.3,33.45,29.46,34.1,13.1,15.4,14.84,12.86,41.79,38.9,33.4,32.8,77.2308029717236,NA,NA,NA,NA,NA,NA,NA,NA,NA,NA,NA,NA,NA,NA,NA,NA,NA,NA,NA,NA,NA,NA,NA,NA,NA,NA,NA,NA,0.00156786456340508,0.000308566907650293,0.000388374188368865,0.000327179934268843,120,239982,7.75297559816986,7.92534690101758,0.0185668575125746,0.000629821545416064,0.000742596965624375,70,0.000606341713405764,99152,10.1979722042924,10.3779520332419,0.0981036334874569,0.0021358807447372,0.00219803842996286,0.00216595927767239,73,58178,NA,NA,9.72388531747396,9.96284334284437,0.0282510978335089,284,0.00221370370363895,0.00181941387301966,0.00187381173949165,239982,7.31600899234109,7.47909926577827
"33",2015,5094,NA,NA,NA,1.68,NA,NA,NA,NA,NA,NA,NA,NA,NA,NA,NA,NA,NA,NA,NA,NA,NA,NA,NA,NA,NA,NA,NA,NA,NA,NA,NA,NA,NA,NA,NA,NA,NA,NA,NA,NA,NA,NA,NA,NA,NA,NA,NA,NA,NA,NA,NA,NA,NA,NA,NA,NA,NA,NA,NA,NA,NA,NA,NA,NA,NA,NA,NA,NA,NA,NA,NA,NA,NA,NA,NA,NA,NA,NA,NA,NA,NA,NA,NA,NA
"33",2016,4812,NA,NA,NA,1.79,NA,NA,NA,NA,NA,NA,NA,NA,NA,NA,NA,NA,NA,NA,NA,NA,NA,NA,NA,NA,NA,NA,NA,NA,NA,NA,NA,NA,NA,NA,NA,NA,NA,NA,NA,NA,NA,NA,NA,NA,NA,NA,NA,NA,NA,NA,NA,NA,NA,NA,NA,NA,NA,NA,NA,NA,NA,NA,NA,NA,NA,NA,NA,NA,NA,NA,NA,NA,NA,NA,NA,NA,NA,NA,NA,NA,NA,NA,NA,NA
"33",2017,4263,NA,NA,NA,1.76,0.865588352779152,0.809313722567683,NA,NA,NA,NA,NA,NA,NA,NA,NA,NA,NA,NA,NA,NA,NA,NA,NA,NA,NA,NA,NA,NA,NA,NA,NA,NA,NA,NA,NA,NA,NA,NA,NA,NA,NA,NA,NA,NA,NA,NA,NA,NA,NA,NA,NA,NA,NA,NA,NA,NA,NA,NA,NA,NA,NA,NA,NA,NA,NA,NA,NA,NA,NA,NA,NA,NA,NA,NA,NA,NA,NA,NA,NA,NA,NA,NA,NA,NA
"33",2018,4426,NA,NA,NA,1.93,0.87758875302735,0.810189615452773,NA,NA,NA,NA,NA,NA,NA,NA,NA,NA,NA,NA,NA,NA,NA,NA,NA,NA,NA,NA,NA,NA,NA,NA,NA,NA,NA,NA,NA,NA,NA,NA,NA,NA,NA,NA,NA,NA,NA,NA,NA,NA,NA,NA,NA,NA,NA,NA,NA,NA,NA,NA,NA,NA,NA,NA,NA,NA,NA,NA,NA,NA,NA,NA,NA,NA,NA,NA,NA,NA,NA,NA,NA,NA,NA,NA,NA,NA
"33",2019,4165,22.5,222778,0.725521805255667,1.78,0.89867562852024,0.817550556798089,95.0309722596283,92.0877293645125,112.329373024657,NA,NA,NA,NA,NA,NA,NA,NA,NA,NA,NA,NA,79.5196602314325,19.52836268,0.641930558,1.033083834,11.54165324,57.14285714,42.85714286,24878,NA,NA,NA,NA,NA,0.219303423848879,38.4373825527702,NA,NA,NA,NA,80,NA,873,1.50614813485975,54.7401934175276,1.9440530609734,88.5714285714286,0.925201991194737,19020,40.5078061724978,NA,NA,NA,NA,NA,NA,NA,NA,NA,NA,NA,NA,NA,NA,NA,NA,NA,NA,NA,NA,NA,NA,NA,NA,NA,NA,NA,NA,NA,NA,NA,NA,NA,NA
"33",2020,4637,NA,NA,NA,NA,NA,NA,NA,NA,128.180045322521,NA,NA,NA,NA,NA,NA,NA,NA,NA,NA,NA,NA,77.3225207507505,NA,NA,NA,NA,NA,NA,NA,NA,NA,NA,NA,NA,NA,NA,NA,NA,NA,NA,NA,NA,NA,NA,NA,NA,NA,NA,NA,NA,NA,NA,NA,NA,NA,NA,NA,NA,NA,NA,NA,NA,NA,NA,NA,NA,NA,NA,NA,NA,NA,NA,NA,NA,NA,NA,NA,NA,NA,NA,NA,NA,NA,NA
"33",2021,4487,11.5,NA,NA,NA,NA,NA,NA,NA,167.352793803513,23.6,24.05,22.28,26.14,8.75,9,8.77,7.86666666666667,32.95,28.05,19.82,21.1,79.05953456519,NA,NA,NA,NA,NA,NA,NA,NA,NA,NA,NA,NA,NA,NA,NA,NA,NA,NA,NA,NA,NA,NA,NA,NA,NA,NA,NA,NA,0.00194458521153742,0.00046949288267887,0.000375352750834485,0.000461074803185439,287,450201,4.91145610516192,5.05240370412327,0.0166326213195879,0.000670594605074818,0.000720350908338505,106,0.000710866810188081,187935,7.06654758294091,7.29856306701785,0.0925090045731044,0.00211830884268334,0.00195008815112668,0.0020749888611803,111,100317,NA,NA,6.49675070028011,6.60047549268818,0.0282577330975383,659,0.00217385027426689,0.0019502448752605,0.00207449684607435,450201,4.50251363279957,4.53991628183856
"5",2015,5736.6,NA,NA,NA,0.722,NA,NA,NA,NA,NA,NA,NA,NA,NA,NA,NA,NA,NA,NA,NA,NA,NA,NA,NA,NA,NA,NA,NA,NA,NA,NA,NA,NA,NA,NA,NA,NA,NA,NA,NA,NA,NA,NA,NA,NA,NA,NA,NA,NA,NA,NA,NA,NA,NA,NA,NA,NA,NA,NA,NA,NA,NA,NA,NA,NA,NA,NA,NA,NA,NA,NA,NA,NA,NA,NA,NA,NA,NA,NA,NA,NA,NA,NA,NA,NA
"5",2016,4689.2,NA,NA,NA,0.766,NA,NA,NA,NA,NA,NA,NA,NA,NA,NA,NA,NA,NA,NA,NA,NA,NA,NA,NA,NA,NA,NA,NA,NA,NA,NA,NA,NA,NA,NA,NA,NA,NA,NA,NA,NA,NA,NA,NA,NA,NA,NA,NA,NA,NA,NA,NA,NA,NA,NA,NA,NA,NA,NA,NA,NA,NA,NA,NA,NA,NA,NA,NA,NA,NA,NA,NA,NA,NA,NA,NA,NA,NA,NA,NA,NA,NA,NA,NA,NA
"5",2017,4111.4,NA,NA,NA,0.656,0.687396609285865,0.494220145774641,NA,NA,NA,NA,NA,NA,NA,NA,NA,NA,NA,NA,NA,NA,NA,NA,NA,NA,NA,NA,NA,NA,NA,NA,NA,NA,NA,NA,NA,NA,NA,NA,NA,NA,NA,NA,NA,NA,NA,NA,NA,NA,NA,NA,NA,NA,NA,NA,NA,NA,NA,NA,NA,NA,NA,NA,NA,NA,NA,NA,NA,NA,NA,NA,NA,NA,NA,NA,NA,NA,NA,NA,NA,NA,NA,NA,NA,NA
"5",2018,4260.5,NA,NA,NA,0.61,0.722888085203894,0.503701268294627,NA,NA,NA,NA,NA,NA,NA,NA,NA,NA,NA,NA,NA,NA,NA,NA,NA,NA,NA,NA,NA,NA,NA,NA,NA,NA,NA,NA,NA,NA,NA,NA,NA,NA,NA,NA,NA,NA,NA,NA,NA,NA,NA,NA,NA,NA,NA,NA,NA,NA,NA,NA,NA,NA,NA,NA,NA,NA,NA,NA,NA,NA,NA,NA,NA,NA,NA,NA,NA,NA,NA,NA,NA,NA,NA,NA,NA,NA
"5",2019,4286,15,101386,0.578370299379335,0.726,0.752110749960362,0.509899714602822,85.9204058982083,79.2373553194863,81.0850201349108,NA,NA,NA,NA,NA,NA,NA,NA,NA,NA,NA,NA,39.0884708014681,36.41373396,2.000419996,1.926348895,35.96674689,91.42857143,91.42857143,12727,NA,NA,NA,NA,NA,0.219303423848879,100,NA,NA,NA,NA,100,NA,39,3.91844614495272,33.132532597855,1.17667471364901,80,0.942962665180631,9695,41.705217324234,NA,NA,NA,NA,NA,NA,NA,NA,NA,NA,NA,NA,NA,NA,NA,NA,NA,NA,NA,NA,NA,NA,NA,NA,NA,NA,NA,NA,NA,NA,NA,NA,NA,NA
"5",2020,4703.25,NA,NA,NA,NA,NA,NA,NA,NA,104.585958080949,NA,NA,NA,NA,NA,NA,NA,NA,NA,NA,NA,NA,41.3706277744994,NA,NA,NA,NA,NA,NA,NA,NA,NA,NA,NA,NA,NA,NA,NA,NA,NA,NA,NA,NA,NA,NA,NA,NA,NA,NA,NA,NA,NA,NA,NA,NA,NA,NA,NA,NA,NA,NA,NA,NA,NA,NA,NA,NA,NA,NA,NA,NA,NA,NA,NA,NA,NA,NA,NA,NA,NA,NA,NA,NA,NA,NA
"5",2021,4323.5,8,NA,NA,NA,NA,NA,NA,NA,126.563214141368,13.7,84.75,38.62,68.54,5.4,6.4,6.19,5.12,134.24,153.15,95.12,105.2,42.0336739307938,NA,NA,NA,NA,NA,NA,NA,NA,NA,NA,NA,NA,NA,NA,NA,NA,NA,NA,NA,NA,NA,NA,NA,NA,NA,NA,NA,NA,0.00111931625912511,0.000199372375298137,0.000217614339166203,0.000204994621996375,86,261652,15.8516787182976,16.8575122682036,0.00360265380227439,0.00024128953558401,0.000315860318395361,54,0.000254273670861847,114763,19.9559984489775,20.9371134424858,0.00825349722012643,0.00152351634823981,0.00143949654907534,0.00145481437818935,75,51913,NA,NA,19.0002078477453,19.7552549457747,0.0121443861354223,618,0.00243802457796138,0.00224996410966786,0.00228379783486596,261652,10.8742947884977,10.7225436839772
"35",2015,5978.5,NA,NA,NA,0.4875,NA,NA,NA,NA,NA,NA,NA,NA,NA,NA,NA,NA,NA,NA,NA,NA,NA,NA,NA,NA,NA,NA,NA,NA,NA,NA,NA,NA,NA,NA,NA,NA,NA,NA,NA,NA,NA,NA,NA,NA,NA,NA,NA,NA,NA,NA,NA,NA,NA,NA,NA,NA,NA,NA,NA,NA,NA,NA,NA,NA,NA,NA,NA,NA,NA,NA,NA,NA,NA,NA,NA,NA,NA,NA,NA,NA,NA,NA,NA,NA
"35",2016,5300.5,NA,NA,NA,0.395,NA,NA,NA,NA,NA,NA,NA,NA,NA,NA,NA,NA,NA,NA,NA,NA,NA,NA,NA,NA,NA,NA,NA,NA,NA,NA,NA,NA,NA,NA,NA,NA,NA,NA,NA,NA,NA,NA,NA,NA,NA,NA,NA,NA,NA,NA,NA,NA,NA,NA,NA,NA,NA,NA,NA,NA,NA,NA,NA,NA,NA,NA,NA,NA,NA,NA,NA,NA,NA,NA,NA,NA,NA,NA,NA,NA,NA,NA,NA,NA
"35",2017,4744.5,NA,NA,NA,0.32,0.73775211048709,0.58867577973226,NA,NA,NA,NA,NA,NA,NA,NA,NA,NA,NA,NA,NA,NA,NA,NA,NA,NA,NA,NA,NA,NA,NA,NA,NA,NA,NA,NA,NA,NA,NA,NA,NA,NA,NA,NA,NA,NA,NA,NA,NA,NA,NA,NA,NA,NA,NA,NA,NA,NA,NA,NA,NA,NA,NA,NA,NA,NA,NA,NA,NA,NA,NA,NA,NA,NA,NA,NA,NA,NA,NA,NA,NA,NA,NA,NA,NA,NA
"35",2018,5307.75,NA,NA,NA,0.75,0.76,0.593049522154648,NA,NA,NA,NA,NA,NA,NA,NA,NA,NA,NA,NA,NA,NA,NA,NA,NA,NA,NA,NA,NA,NA,NA,NA,NA,NA,NA,NA,NA,NA,NA,NA,NA,NA,NA,NA,NA,NA,NA,NA,NA,NA,NA,NA,NA,NA,NA,NA,NA,NA,NA,NA,NA,NA,NA,NA,NA,NA,NA,NA,NA,NA,NA,NA,NA,NA,NA,NA,NA,NA,NA,NA,NA,NA,NA,NA,NA,NA
"35",2019,5305,16,64568,0.607801792303637,0.705,0.791256737103259,0.608999914449482,89.6740525280178,82.4929420822996,93.6722379285174,NA,NA,NA,NA,NA,NA,NA,NA,NA,NA,NA,NA,48.7880180165565,26.03566793,2.421449427,1.377331427,43.5366867,68.57142857,94.28571429,3123,NA,NA,NA,NA,NA,0.219303423848879,6.07102760536619,NA,NA,NA,NA,48.5714285714286,NA,12,0.237889947161487,4.251650529788,0.150993880558284,48.5714285714286,0.81637866444174,6652,33.1710201289857,NA,NA,NA,NA,NA,NA,NA,NA,NA,NA,NA,NA,NA,NA,NA,NA,NA,NA,NA,NA,NA,NA,NA,NA,NA,NA,NA,NA,NA,NA,NA,NA,NA,NA
"35",2020,5282.25,NA,NA,NA,NA,NA,NA,NA,NA,120.687529544468,NA,NA,NA,NA,NA,NA,NA,NA,NA,NA,NA,NA,49.7991965955089,NA,NA,NA,NA,NA,NA,NA,NA,NA,NA,NA,NA,NA,NA,NA,NA,NA,NA,NA,NA,NA,NA,NA,NA,NA,NA,NA,NA,NA,NA,NA,NA,NA,NA,NA,NA,NA,NA,NA,NA,NA,NA,NA,NA,NA,NA,NA,NA,NA,NA,NA,NA,NA,NA,NA,NA,NA,NA,NA,NA,NA,NA
"35",2021,5552.75,5,NA,NA,NA,NA,NA,NA,NA,157.108315333461,57.2,59.45,48,54.64,12.2,14.45,14.24,12,59.12,61.9,53.08,57.4,51.2670285029116,NA,NA,NA,NA,NA,NA,NA,NA,NA,NA,NA,NA,NA,NA,NA,NA,NA,NA,NA,NA,NA,NA,NA,NA,NA,NA,NA,NA,0.00157807518755011,0.000275185958124278,0.000343080939583069,0.000354025452003226,72,152747,10.9208722920908,11.1441953033447,0.0101721159136964,0.000457165315043561,0.000645337927692922,38,0.00059512926343666,64026,15.4329147533814,15.8485755786712,0.0580268819972228,0.00187951552699506,0.00131718472566023,0.0017594347212733,64,35073,NA,NA,13.8305847803153,14.3149046274912,0.0181739138493407,301,0.00197567301681522,0.00142792614024395,0.00190053675477152,152747,9.71222904541497,9.65993374665296
"12",2015,3855,NA,NA,NA,4.93666666666667,NA,NA,NA,NA,NA,NA,NA,NA,NA,NA,NA,NA,NA,NA,NA,NA,NA,NA,NA,NA,NA,NA,NA,NA,NA,NA,NA,NA,NA,NA,NA,NA,NA,NA,NA,NA,NA,NA,NA,NA,NA,NA,NA,NA,NA,NA,NA,NA,NA,NA,NA,NA,NA,NA,NA,NA,NA,NA,NA,NA,NA,NA,NA,NA,NA,NA,NA,NA,NA,NA,NA,NA,NA,NA,NA,NA,NA,NA,NA,NA
"12",2016,2692,NA,NA,NA,5.1,NA,NA,NA,NA,NA,NA,NA,NA,NA,NA,NA,NA,NA,NA,NA,NA,NA,NA,NA,NA,NA,NA,NA,NA,NA,NA,NA,NA,NA,NA,NA,NA,NA,NA,NA,NA,NA,NA,NA,NA,NA,NA,NA,NA,NA,NA,NA,NA,NA,NA,NA,NA,NA,NA,NA,NA,NA,NA,NA,NA,NA,NA,NA,NA,NA,NA,NA,NA,NA,NA,NA,NA,NA,NA,NA,NA,NA,NA,NA,NA
"12",2017,2576,NA,NA,NA,4.93666666666667,0.920785781471412,0.874590789981016,NA,NA,NA,NA,NA,NA,NA,NA,NA,NA,NA,NA,NA,NA,NA,NA,NA,NA,NA,NA,NA,NA,NA,NA,NA,NA,NA,NA,NA,NA,NA,NA,NA,NA,NA,NA,NA,NA,NA,NA,NA,NA,NA,NA,NA,NA,NA,NA,NA,NA,NA,NA,NA,NA,NA,NA,NA,NA,NA,NA,NA,NA,NA,NA,NA,NA,NA,NA,NA,NA,NA,NA,NA,NA,NA,NA,NA,NA
"12",2018,2901.33,NA,NA,NA,3.71666666666667,0.930456422591375,0.877120574533021,NA,NA,NA,NA,NA,NA,NA,NA,NA,NA,NA,NA,NA,NA,NA,NA,NA,NA,NA,NA,NA,NA,NA,NA,NA,NA,NA,NA,NA,NA,NA,NA,NA,NA,NA,NA,NA,NA,NA,NA,NA,NA,NA,NA,NA,NA,NA,NA,NA,NA,NA,NA,NA,NA,NA,NA,NA,NA,NA,NA,NA,NA,NA,NA,NA,NA,NA,NA,NA,NA,NA,NA,NA,NA,NA,NA,NA,NA
"12",2019,3170,16,643354,0.798440732572729,3.96333333333333,0.93938685391808,0.879704119384954,97.1924466170285,95.8394528595541,127.285540041035,NA,NA,NA,NA,NA,NA,NA,NA,NA,NA,NA,NA,93.2039279950962,41.3328441,1.489135909,2.186578247,26.77406467,94.28571429,71.42857143,4042,NA,NA,NA,NA,NA,0.219303423848879,44.940922434261,NA,NA,NA,NA,88.5714285714286,NA,365,1.76098584263149,80.2700353929307,2.85072445432946,94.2857142857143,1.13553236491105,67563,54.6881202324709,NA,NA,NA,NA,NA,NA,NA,NA,NA,NA,NA,NA,NA,NA,NA,NA,NA,NA,NA,NA,NA,NA,NA,NA,NA,NA,NA,NA,NA,NA,NA,NA,NA,NA
"12",2020,2927,NA,NA,NA,NA,NA,NA,NA,NA,157.664475823929,NA,NA,NA,NA,NA,NA,NA,NA,NA,NA,NA,NA,93.2706132883196,NA,NA,NA,NA,NA,NA,NA,NA,NA,NA,NA,NA,NA,NA,NA,NA,NA,NA,NA,NA,NA,NA,NA,NA,NA,NA,NA,NA,NA,NA,NA,NA,NA,NA,NA,NA,NA,NA,NA,NA,NA,NA,NA,NA,NA,NA,NA,NA,NA,NA,NA,NA,NA,NA,NA,NA,NA,NA,NA,NA,NA,NA
"12",2021,2510,9,NA,NA,NA,NA,NA,NA,NA,198.105506008427,19.7,49.95,18.58,57.4,2.4,3.5,3.09,2.32,27.98,21.45,17.88,17.6,95.6490608612491,NA,NA,NA,NA,NA,NA,NA,NA,NA,NA,NA,NA,NA,NA,NA,NA,NA,NA,NA,NA,NA,NA,NA,NA,NA,NA,NA,NA,0.00273376697450353,0.000675730157069226,0.000596628259016458,0.000612730470749101,1000,1183521,4.51373020842047,4.6170890503844,0.0170799310241185,0.00088888629377427,0.00073979355002781,611,0.000847544852942583,483847,6.21045700397026,6.35059801962191,0.0332894927327496,0.00220052422095765,0.00267850073981791,0.00244817068511323,798,278988,NA,NA,5.44379152508352,5.59769792966006,0.0260191736198047,3360,0.00221763518009722,0.00258843319242249,0.00243697462942006,1183521,4.07947143312202,4.22515156047083
"8",2015,4364.25,NA,NA,NA,0.3375,NA,NA,NA,NA,NA,NA,NA,NA,NA,NA,NA,NA,NA,NA,NA,NA,NA,NA,NA,NA,NA,NA,NA,NA,NA,NA,NA,NA,NA,NA,NA,NA,NA,NA,NA,NA,NA,NA,NA,NA,NA,NA,NA,NA,NA,NA,NA,NA,NA,NA,NA,NA,NA,NA,NA,NA,NA,NA,NA,NA,NA,NA,NA,NA,NA,NA,NA,NA,NA,NA,NA,NA,NA,NA,NA,NA,NA,NA,NA,NA
"8",2016,4239.25,NA,NA,NA,0.4125,NA,NA,NA,NA,NA,NA,NA,NA,NA,NA,NA,NA,NA,NA,NA,NA,NA,NA,NA,NA,NA,NA,NA,NA,NA,NA,NA,NA,NA,NA,NA,NA,NA,NA,NA,NA,NA,NA,NA,NA,NA,NA,NA,NA,NA,NA,NA,NA,NA,NA,NA,NA,NA,NA,NA,NA,NA,NA,NA,NA,NA,NA,NA,NA,NA,NA,NA,NA,NA,NA,NA,NA,NA,NA,NA,NA,NA,NA,NA,NA
"8",2017,3545.25,NA,NA,NA,0.385,0.799328870851561,0.629807269980147,NA,NA,NA,NA,NA,NA,NA,NA,NA,NA,NA,NA,NA,NA,NA,NA,NA,NA,NA,NA,NA,NA,NA,NA,NA,NA,NA,NA,NA,NA,NA,NA,NA,NA,NA,NA,NA,NA,NA,NA,NA,NA,NA,NA,NA,NA,NA,NA,NA,NA,NA,NA,NA,NA,NA,NA,NA,NA,NA,NA,NA,NA,NA,NA,NA,NA,NA,NA,NA,NA,NA,NA,NA,NA,NA,NA,NA,NA
"8",2018,3958.5,NA,NA,NA,0.53,0.827153639281687,0.646690379109916,NA,NA,NA,NA,NA,NA,NA,NA,NA,NA,NA,NA,NA,NA,NA,NA,NA,NA,NA,NA,NA,NA,NA,NA,NA,NA,NA,NA,NA,NA,NA,NA,NA,NA,NA,NA,NA,NA,NA,NA,NA,NA,NA,NA,NA,NA,NA,NA,NA,NA,NA,NA,NA,NA,NA,NA,NA,NA,NA,NA,NA,NA,NA,NA,NA,NA,NA,NA,NA,NA,NA,NA,NA,NA,NA,NA,NA,NA
"8",2019,3647.25,20.5,72366,0.650095224406195,0.655,0.83458440445587,0.645792630676949,92.0462724935733,86.649528706084,123.494965633566,NA,NA,NA,NA,NA,NA,NA,NA,NA,NA,NA,NA,71.2430037872495,29.74672597,1.639474352,1.573652753,29.47708941,77.14285714,82.85714286,NA,NA,NA,NA,NA,NA,0.219303423848879,30.8939492957871,NA,NA,NA,NA,74.2857142857143,NA,36,1.21056276520442,33.01355529873,1.17244933247825,77.1428571428572,1.51957766846611,7865,80.5801629338905,NA,NA,NA,NA,NA,NA,NA,NA,NA,NA,NA,NA,NA,NA,NA,NA,NA,NA,NA,NA,NA,NA,NA,NA,NA,NA,NA,NA,NA,NA,NA,NA,NA,NA
"8",2020,3903.5,NA,NA,NA,NA,NA,NA,NA,NA,155.664722246954,NA,NA,NA,NA,NA,NA,NA,NA,NA,NA,NA,NA,72.388149102085,NA,NA,NA,NA,NA,NA,NA,NA,NA,NA,NA,NA,NA,NA,NA,NA,NA,NA,NA,NA,NA,NA,NA,NA,NA,NA,NA,NA,NA,NA,NA,NA,NA,NA,NA,NA,NA,NA,NA,NA,NA,NA,NA,NA,NA,NA,NA,NA,NA,NA,NA,NA,NA,NA,NA,NA,NA,NA,NA,NA,NA,NA
"8",2021,3617.25,12,NA,NA,NA,NA,NA,NA,NA,184.503044329708,12.2,33.95,15.92,32.57,3.1,3.9,4.09,2.98,54.19,61.4,23.68,16.4,72.8699725497543,NA,NA,NA,NA,NA,NA,NA,NA,NA,NA,NA,NA,NA,NA,NA,NA,NA,NA,NA,NA,NA,NA,NA,NA,NA,NA,NA,NA,0.00125555563126846,0.000169457756979989,0.000385992574604597,0.000229572424650266,60,157102,13.0638327328742,13.8153941388397,0.0421882393128016,0.000277617291342611,0.000908521359883679,60,0.000418567035600891,66937,17.7107774474506,18.4345996982237,0.0629412685652526,0.0034262284032171,0.00196639742125568,0.00267009602567002,68,32992,NA,NA,15.1262002909796,15.340185499515,0.0509379759667873,349,0.00330923916299315,0.00166771773837767,0.00235327690868847,157102,9.76412750951611,9.62039853089076
"29",2015,5201,NA,NA,NA,2.72,NA,NA,NA,NA,NA,NA,NA,NA,NA,NA,NA,NA,NA,NA,NA,NA,NA,NA,NA,NA,NA,NA,NA,NA,NA,NA,NA,NA,NA,NA,NA,NA,NA,NA,NA,NA,NA,NA,NA,NA,NA,NA,NA,NA,NA,NA,NA,NA,NA,NA,NA,NA,NA,NA,NA,NA,NA,NA,NA,NA,NA,NA,NA,NA,NA,NA,NA,NA,NA,NA,NA,NA,NA,NA,NA,NA,NA,NA,NA,NA
"29",2016,5252,NA,NA,NA,2.83,NA,NA,NA,NA,NA,NA,NA,NA,NA,NA,NA,NA,NA,NA,NA,NA,NA,NA,NA,NA,NA,NA,NA,NA,NA,NA,NA,NA,NA,NA,NA,NA,NA,NA,NA,NA,NA,NA,NA,NA,NA,NA,NA,NA,NA,NA,NA,NA,NA,NA,NA,NA,NA,NA,NA,NA,NA,NA,NA,NA,NA,NA,NA,NA,NA,NA,NA,NA,NA,NA,NA,NA,NA,NA,NA,NA,NA,NA,NA,NA
"29",2017,4111,NA,NA,NA,2.87,0.698060614650509,0.610540240474334,NA,NA,NA,NA,NA,NA,NA,NA,NA,NA,NA,NA,NA,NA,NA,NA,NA,NA,NA,NA,NA,NA,NA,NA,NA,NA,NA,NA,NA,NA,NA,NA,NA,NA,NA,NA,NA,NA,NA,NA,NA,NA,NA,NA,NA,NA,NA,NA,NA,NA,NA,NA,NA,NA,NA,NA,NA,NA,NA,NA,NA,NA,NA,NA,NA,NA,NA,NA,NA,NA,NA,NA,NA,NA,NA,NA,NA,NA
"29",2018,4248,NA,NA,NA,2.24,0.719294906867759,0.623997906606085,NA,NA,NA,NA,NA,NA,NA,NA,NA,NA,NA,NA,NA,NA,NA,NA,NA,NA,NA,NA,NA,NA,NA,NA,NA,NA,NA,NA,NA,NA,NA,NA,NA,NA,NA,NA,NA,NA,NA,NA,NA,NA,NA,NA,NA,NA,NA,NA,NA,NA,NA,NA,NA,NA,NA,NA,NA,NA,NA,NA,NA,NA,NA,NA,NA,NA,NA,NA,NA,NA,NA,NA,NA,NA,NA,NA,NA,NA
"29",2019,4373,13,36447,0.520961678649533,2.12,0.748538572113081,0.635984666986104,85.8049832295161,78.6775275515093,98.7574854181077,NA,NA,NA,NA,NA,NA,NA,NA,NA,NA,NA,NA,29.7982116663477,33.89026935,3.183438598,1.792853295,57.2369455,85.71428571,97.14285714,2244,NA,NA,NA,NA,NA,0.219303423848879,71.9395967962241,NA,NA,NA,NA,97.1428571428571,NA,52,2.81891435735618,20.0364553630847,0.711578274533268,65.7142857142857,1.807623586938,5256,100,NA,NA,NA,NA,NA,NA,NA,NA,NA,NA,NA,NA,NA,NA,NA,NA,NA,NA,NA,NA,NA,NA,NA,NA,NA,NA,NA,NA,NA,NA,NA,NA,NA,NA
"29",2020,4276,NA,NA,NA,NA,NA,NA,NA,NA,112.39215463288,NA,NA,NA,NA,NA,NA,NA,NA,NA,NA,NA,NA,29.7758757745859,NA,NA,NA,NA,NA,NA,NA,NA,NA,NA,NA,NA,NA,NA,NA,NA,NA,NA,NA,NA,NA,NA,NA,NA,NA,NA,NA,NA,NA,NA,NA,NA,NA,NA,NA,NA,NA,NA,NA,NA,NA,NA,NA,NA,NA,NA,NA,NA,NA,NA,NA,NA,NA,NA,NA,NA,NA,NA,NA,NA,NA,NA
"29",2021,4492,4,NA,NA,NA,NA,NA,NA,NA,153.640294916979,49.2,71.35,41.1,60.17,1.8,2.65,2.43,1.86,156.85,198.15,109.3,99.8,33.3029676081156,NA,NA,NA,NA,NA,NA,NA,NA,NA,NA,NA,NA,NA,NA,NA,NA,NA,NA,NA,NA,NA,NA,NA,NA,NA,NA,NA,NA,0.00162089891242789,0.000605050798207059,0.000319090709274974,0.000520388120587838,59,99229,5.02434530228058,5.20815084299953,0.0272334674931696,0.00177040285099942,0.000883741497885215,113,0.00157692922490875,42739,5.85310161679029,6.1914843585484,0.030960696383527,0.00198354189860607,0.00307673661046572,0.00269376463660591,85,21701,NA,NA,5.44460163126123,5.61618589005115,0.0223228936856267,640,0.00352098371717334,0.00581414556721281,0.00501154532380537,99229,3.9320342843322,3.99405063036008
"34",2015,6092,NA,NA,NA,2.2375,NA,NA,NA,NA,NA,NA,NA,NA,NA,NA,NA,NA,NA,NA,NA,NA,NA,NA,NA,NA,NA,NA,NA,NA,NA,NA,NA,NA,NA,NA,NA,NA,NA,NA,NA,NA,NA,NA,NA,NA,NA,NA,NA,NA,NA,NA,NA,NA,NA,NA,NA,NA,NA,NA,NA,NA,NA,NA,NA,NA,NA,NA,NA,NA,NA,NA,NA,NA,NA,NA,NA,NA,NA,NA,NA,NA,NA,NA,NA,NA
"34",2016,6004,NA,NA,NA,2.13,NA,NA,NA,NA,NA,NA,NA,NA,NA,NA,NA,NA,NA,NA,NA,NA,NA,NA,NA,NA,NA,NA,NA,NA,NA,NA,NA,NA,NA,NA,NA,NA,NA,NA,NA,NA,NA,NA,NA,NA,NA,NA,NA,NA,NA,NA,NA,NA,NA,NA,NA,NA,NA,NA,NA,NA,NA,NA,NA,NA,NA,NA,NA,NA,NA,NA,NA,NA,NA,NA,NA,NA,NA,NA,NA,NA,NA,NA,NA,NA
"34",2017,5329.5,NA,NA,NA,1.765,0.647278847952123,0.490742472414438,NA,NA,NA,NA,NA,NA,NA,NA,NA,NA,NA,NA,NA,NA,NA,NA,NA,NA,NA,NA,NA,NA,NA,NA,NA,NA,NA,NA,NA,NA,NA,NA,NA,NA,NA,NA,NA,NA,NA,NA,NA,NA,NA,NA,NA,NA,NA,NA,NA,NA,NA,NA,NA,NA,NA,NA,NA,NA,NA,NA,NA,NA,NA,NA,NA,NA,NA,NA,NA,NA,NA,NA,NA,NA,NA,NA,NA,NA
"34",2018,4615.5,NA,NA,NA,1.69,0.680248892565972,0.497991967871486,NA,NA,NA,NA,NA,NA,NA,NA,NA,NA,NA,NA,NA,NA,NA,NA,NA,NA,NA,NA,NA,NA,NA,NA,NA,NA,NA,NA,NA,NA,NA,NA,NA,NA,NA,NA,NA,NA,NA,NA,NA,NA,NA,NA,NA,NA,NA,NA,NA,NA,NA,NA,NA,NA,NA,NA,NA,NA,NA,NA,NA,NA,NA,NA,NA,NA,NA,NA,NA,NA,NA,NA,NA,NA,NA,NA,NA,NA
"34",2019,5138,14,49982,0.494974202556967,1.2625,0.714183854474627,0.515842927202532,81.5536850892143,75.2843379360718,67.4769265290077,NA,NA,NA,NA,NA,NA,NA,NA,NA,NA,NA,NA,22.8247909417146,0,0.194292029,0,3.493292532,31.42857143,25.71428571,213,NA,NA,NA,NA,NA,0.219303423848879,0,NA,NA,NA,NA,31.4285714285714,NA,NA,0,0,0,45.7142857142857,0.783675782844737,4291,30.9662166880092,NA,NA,NA,NA,NA,NA,NA,NA,NA,NA,NA,NA,NA,NA,NA,NA,NA,NA,NA,NA,NA,NA,NA,NA,NA,NA,NA,NA,NA,NA,NA,NA,NA,NA
"34",2020,5080.25,NA,NA,NA,NA,NA,NA,NA,NA,84.1200747830418,NA,NA,NA,NA,NA,NA,NA,NA,NA,NA,NA,NA,24.6864194991269,NA,NA,NA,NA,NA,NA,NA,NA,NA,NA,NA,NA,NA,NA,NA,NA,NA,NA,NA,NA,NA,NA,NA,NA,NA,NA,NA,NA,NA,NA,NA,NA,NA,NA,NA,NA,NA,NA,NA,NA,NA,NA,NA,NA,NA,NA,NA,NA,NA,NA,NA,NA,NA,NA,NA,NA,NA,NA,NA,NA,NA,NA
"34",2021,4931.25,5,NA,NA,NA,NA,NA,NA,NA,97.3975216922241,66.1,83.55,60.56,87.16,23.2,24.6,23.67,22,201.91,223.15,153.72,161.2,23.2870855478571,NA,NA,NA,NA,NA,NA,NA,NA,NA,NA,NA,NA,NA,NA,NA,NA,NA,NA,NA,NA,NA,NA,NA,NA,NA,NA,NA,NA,0.0030077554912753,0.000238468262304206,0.000312801740026325,0.000256010309294383,42,138095,21.9848375393751,23.182512762953,0.00732247666575823,0.000174796483564498,0.000508837082107484,17,0.000216766169466079,60413,24.1670036250476,24.0369804512274,0.0185669158420998,0.00104584346205483,0.000644632834592043,0.000717061187992025,17,27017,NA,NA,23.5421245882222,24.8038457267646,0.00873025345712733,170,0.00219599490655292,0.00124239807122105,0.00142558851007168,138095,14.4773867265288,14.96864079076
"27",2015,5461.4,NA,NA,NA,2.486,NA,NA,NA,NA,NA,NA,NA,NA,NA,NA,NA,NA,NA,NA,NA,NA,NA,NA,NA,NA,NA,NA,NA,NA,NA,NA,NA,NA,NA,NA,NA,NA,NA,NA,NA,NA,NA,NA,NA,NA,NA,NA,NA,NA,NA,NA,NA,NA,NA,NA,NA,NA,NA,NA,NA,NA,NA,NA,NA,NA,NA,NA,NA,NA,NA,NA,NA,NA,NA,NA,NA,NA,NA,NA,NA,NA,NA,NA,NA,NA
"27",2016,5168.4,NA,NA,NA,2.488,NA,NA,NA,NA,NA,NA,NA,NA,NA,NA,NA,NA,NA,NA,NA,NA,NA,NA,NA,NA,NA,NA,NA,NA,NA,NA,NA,NA,NA,NA,NA,NA,NA,NA,NA,NA,NA,NA,NA,NA,NA,NA,NA,NA,NA,NA,NA,NA,NA,NA,NA,NA,NA,NA,NA,NA,NA,NA,NA,NA,NA,NA,NA,NA,NA,NA,NA,NA,NA,NA,NA,NA,NA,NA,NA,NA,NA,NA,NA,NA
"27",2017,4196.4,NA,NA,NA,2.3,0.777724466621885,0.513018584268944,NA,NA,NA,NA,NA,NA,NA,NA,NA,NA,NA,NA,NA,NA,NA,NA,NA,NA,NA,NA,NA,NA,NA,NA,NA,NA,NA,NA,NA,NA,NA,NA,NA,NA,NA,NA,NA,NA,NA,NA,NA,NA,NA,NA,NA,NA,NA,NA,NA,NA,NA,NA,NA,NA,NA,NA,NA,NA,NA,NA,NA,NA,NA,NA,NA,NA,NA,NA,NA,NA,NA,NA,NA,NA,NA,NA,NA,NA
"27",2018,4446.4,NA,NA,NA,2.06,0.802750904483369,0.535438216215355,NA,NA,NA,NA,NA,NA,NA,NA,NA,NA,NA,NA,NA,NA,NA,NA,NA,NA,NA,NA,NA,NA,NA,NA,NA,NA,NA,NA,NA,NA,NA,NA,NA,NA,NA,NA,NA,NA,NA,NA,NA,NA,NA,NA,NA,NA,NA,NA,NA,NA,NA,NA,NA,NA,NA,NA,NA,NA,NA,NA,NA,NA,NA,NA,NA,NA,NA,NA,NA,NA,NA,NA,NA,NA,NA,NA,NA,NA
"27",2019,4131.6,14,72295,0.588980496309452,2.252,0.829312691930224,0.557048785892931,90.1446797733245,86.3029094247634,112.019310664887,NA,NA,NA,NA,NA,NA,NA,NA,NA,NA,NA,NA,58.9484570211623,0,1.88637422,0,33.91624972,31.42857143,88.57142857,7679,NA,NA,NA,NA,NA,0.219303423848879,28.641362535506,NA,NA,NA,NA,68.5714285714286,NA,59,1.12229636613447,8.81761242188914,0.31315027129155,60,1.01551560385315,8396,46.5966813490063,NA,NA,NA,NA,NA,NA,NA,NA,NA,NA,NA,NA,NA,NA,NA,NA,NA,NA,NA,NA,NA,NA,NA,NA,NA,NA,NA,NA,NA,NA,NA,NA,NA,NA
"27",2020,4555.6,NA,NA,NA,NA,NA,NA,NA,NA,125.299319457995,NA,NA,NA,NA,NA,NA,NA,NA,NA,NA,NA,NA,57.1357544509368,NA,NA,NA,NA,NA,NA,NA,NA,NA,NA,NA,NA,NA,NA,NA,NA,NA,NA,NA,NA,NA,NA,NA,NA,NA,NA,NA,NA,NA,NA,NA,NA,NA,NA,NA,NA,NA,NA,NA,NA,NA,NA,NA,NA,NA,NA,NA,NA,NA,NA,NA,NA,NA,NA,NA,NA,NA,NA,NA,NA,NA,NA
"27",2021,4435.2,6,NA,NA,NA,NA,NA,NA,NA,154.375020343562,74.6,89.5,70.06,84.84,16.85,17.7,18.02,16.8833333333333,90.49,97.2,80.1,94.9,58.2249129315218,NA,NA,NA,NA,NA,NA,NA,NA,NA,NA,NA,NA,NA,NA,NA,NA,NA,NA,NA,NA,NA,NA,NA,NA,NA,NA,NA,NA,0.00115772156693593,0.0001621522838896,0.00021274474672359,0.00023416485072329,55,177387,18.8102236917023,19.9822382699972,0.00418010423928835,0.00032988508386882,0.000359842474978259,39,0.000420382357209088,72963,22.6726458616011,23.672904074668,0.00580742585862184,0.00124692956182947,0.000890962401430152,0.001308486122145,40,40907,NA,NA,19.9173293079424,19.9450607475493,0.00406174028908849,236,0.0013637938625311,0.00112659530688336,0.00160103537302376,177387,13.9995605089437,13.4419996955808
"31",2015,5108.8,NA,NA,NA,1.28,NA,NA,NA,NA,NA,NA,NA,NA,NA,NA,NA,NA,NA,NA,NA,NA,NA,NA,NA,NA,NA,NA,NA,NA,NA,NA,NA,NA,NA,NA,NA,NA,NA,NA,NA,NA,NA,NA,NA,NA,NA,NA,NA,NA,NA,NA,NA,NA,NA,NA,NA,NA,NA,NA,NA,NA,NA,NA,NA,NA,NA,NA,NA,NA,NA,NA,NA,NA,NA,NA,NA,NA,NA,NA,NA,NA,NA,NA,NA,NA
"31",2016,4130,NA,NA,NA,1.34,NA,NA,NA,NA,NA,NA,NA,NA,NA,NA,NA,NA,NA,NA,NA,NA,NA,NA,NA,NA,NA,NA,NA,NA,NA,NA,NA,NA,NA,NA,NA,NA,NA,NA,NA,NA,NA,NA,NA,NA,NA,NA,NA,NA,NA,NA,NA,NA,NA,NA,NA,NA,NA,NA,NA,NA,NA,NA,NA,NA,NA,NA,NA,NA,NA,NA,NA,NA,NA,NA,NA,NA,NA,NA,NA,NA,NA,NA,NA,NA
"31",2017,3781.2,NA,NA,NA,1.385,0.782956700296487,0.587987553823428,NA,NA,NA,NA,NA,NA,NA,NA,NA,NA,NA,NA,NA,NA,NA,NA,NA,NA,NA,NA,NA,NA,NA,NA,NA,NA,NA,NA,NA,NA,NA,NA,NA,NA,NA,NA,NA,NA,NA,NA,NA,NA,NA,NA,NA,NA,NA,NA,NA,NA,NA,NA,NA,NA,NA,NA,NA,NA,NA,NA,NA,NA,NA,NA,NA,NA,NA,NA,NA,NA,NA,NA,NA,NA,NA,NA,NA,NA
"31",2018,3676.67,NA,NA,NA,1.505,0.810221475675003,0.574862096138692,NA,NA,NA,NA,NA,NA,NA,NA,NA,NA,NA,NA,NA,NA,NA,NA,NA,NA,NA,NA,NA,NA,NA,NA,NA,NA,NA,NA,NA,NA,NA,NA,NA,NA,NA,NA,NA,NA,NA,NA,NA,NA,NA,NA,NA,NA,NA,NA,NA,NA,NA,NA,NA,NA,NA,NA,NA,NA,NA,NA,NA,NA,NA,NA,NA,NA,NA,NA,NA,NA,NA,NA,NA,NA,NA,NA,NA,NA
"31",2019,3558.33,17.5,118385,0.682574276835083,1.46666666666667,0.830220487565646,0.570325111878538,91.7393792018309,86.6982038130658,94.0510679451613,NA,NA,NA,NA,NA,NA,NA,NA,NA,NA,NA,NA,55.8868960316604,8.423304331,1.744002261,0.445607226,31.35645916,48.57142857,85.71428571,3462,NA,NA,NA,NA,NA,0.219303423848879,0,NA,NA,NA,NA,31.4285714285714,NA,NA,0,0,0,45.7142857142857,1.07903035572751,10776,50.8787976839228,NA,NA,NA,NA,NA,NA,NA,NA,NA,NA,NA,NA,NA,NA,NA,NA,NA,NA,NA,NA,NA,NA,NA,NA,NA,NA,NA,NA,NA,NA,NA,NA,NA,NA
"31",2020,4247,NA,NA,NA,NA,NA,NA,NA,NA,116.097443525083,NA,NA,NA,NA,NA,NA,NA,NA,NA,NA,NA,NA,57.1996131019874,NA,NA,NA,NA,NA,NA,NA,NA,NA,NA,NA,NA,NA,NA,NA,NA,NA,NA,NA,NA,NA,NA,NA,NA,NA,NA,NA,NA,NA,NA,NA,NA,NA,NA,NA,NA,NA,NA,NA,NA,NA,NA,NA,NA,NA,NA,NA,NA,NA,NA,NA,NA,NA,NA,NA,NA,NA,NA,NA,NA,NA,NA
"31",2021,4042,9.5,NA,NA,NA,NA,NA,NA,NA,139.372261614704,97.4,103.6,82.04,96.68,28.6,29.4,29.21,28.48,112.69,106.8,90.96,92.6,57.2659987757544,NA,NA,NA,NA,NA,NA,NA,NA,NA,NA,NA,NA,NA,NA,NA,NA,NA,NA,NA,NA,NA,NA,NA,NA,NA,NA,NA,NA,0.00103156052393539,0.00015120969842197,0.000182288714268511,0.000156071395119908,119,251485,14.9915921426725,15.2845471896932,0.0160906707177068,0.00101229560523049,0.000720296980696939,141,0.00100134042098254,110608,20.51737297483,21.3934444163171,0.0922372046507721,0.00399916687721116,0.0054176261916552,0.00529347915850465,269,49257,NA,NA,18.1125793288264,18.9635442678198,0.0440443452766806,1088,0.00345273049451153,0.00434030496020991,0.0042735411323802,251485,10.5806857665467,10.6065592381255
"4",2015,6541.62,NA,NA,NA,1.679,NA,NA,NA,NA,NA,NA,NA,NA,NA,NA,NA,NA,NA,NA,NA,NA,NA,NA,NA,NA,NA,NA,NA,NA,NA,NA,NA,NA,NA,NA,NA,NA,NA,NA,NA,NA,NA,NA,NA,NA,NA,NA,NA,NA,NA,NA,NA,NA,NA,NA,NA,NA,NA,NA,NA,NA,NA,NA,NA,NA,NA,NA,NA,NA,NA,NA,NA,NA,NA,NA,NA,NA,NA,NA,NA,NA,NA,NA,NA,NA
"4",2016,5642.33,NA,NA,NA,1.562,NA,NA,NA,NA,NA,NA,NA,NA,NA,NA,NA,NA,NA,NA,NA,NA,NA,NA,NA,NA,NA,NA,NA,NA,NA,NA,NA,NA,NA,NA,NA,NA,NA,NA,NA,NA,NA,NA,NA,NA,NA,NA,NA,NA,NA,NA,NA,NA,NA,NA,NA,NA,NA,NA,NA,NA,NA,NA,NA,NA,NA,NA,NA,NA,NA,NA,NA,NA,NA,NA,NA,NA,NA,NA,NA,NA,NA,NA,NA,NA
"4",2017,4771.33,NA,NA,NA,1.852,0.699307290786701,0.538570297980561,NA,NA,NA,NA,NA,NA,NA,NA,NA,NA,NA,NA,NA,NA,NA,NA,NA,NA,NA,NA,NA,NA,NA,NA,NA,NA,NA,NA,NA,NA,NA,NA,NA,NA,NA,NA,NA,NA,NA,NA,NA,NA,NA,NA,NA,NA,NA,NA,NA,NA,NA,NA,NA,NA,NA,NA,NA,NA,NA,NA,NA,NA,NA,NA,NA,NA,NA,NA,NA,NA,NA,NA,NA,NA,NA,NA,NA,NA
"4",2018,4672.11,NA,NA,NA,1.585,0.725125552740977,0.547745346384346,NA,NA,NA,NA,NA,NA,NA,NA,NA,NA,NA,NA,NA,NA,NA,NA,NA,NA,NA,NA,NA,NA,NA,NA,NA,NA,NA,NA,NA,NA,NA,NA,NA,NA,NA,NA,NA,NA,NA,NA,NA,NA,NA,NA,NA,NA,NA,NA,NA,NA,NA,NA,NA,NA,NA,NA,NA,NA,NA,NA,NA,NA,NA,NA,NA,NA,NA,NA,NA,NA,NA,NA,NA,NA,NA,NA,NA,NA
"4",2019,3942.1,15,103386,0.518568677019381,1.543,0.75595530883283,0.559175391750404,86.1569812381421,80.5266671351275,104.384339919303,NA,NA,NA,NA,NA,NA,NA,NA,NA,NA,NA,NA,45.289627604876,0,0.561708231,0,10.09928806,31.42857143,40,159,NA,NA,NA,NA,NA,0.219303423848879,7.99111317138672,NA,NA,NA,NA,51.4285714285714,NA,99,0.313127466003012,8.83973633709135,0.313935983989741,62.8571428571429,0.667351914140119,7492,23.1237498024259,NA,NA,NA,NA,NA,NA,NA,NA,NA,NA,NA,NA,NA,NA,NA,NA,NA,NA,NA,NA,NA,NA,NA,NA,NA,NA,NA,NA,NA,NA,NA,NA,NA,NA
"4",2020,4242.6,NA,NA,NA,NA,NA,NA,NA,NA,129.513648892949,NA,NA,NA,NA,NA,NA,NA,NA,NA,NA,NA,NA,47.3064503284696,NA,NA,NA,NA,NA,NA,NA,NA,NA,NA,NA,NA,NA,NA,NA,NA,NA,NA,NA,NA,NA,NA,NA,NA,NA,NA,NA,NA,NA,NA,NA,NA,NA,NA,NA,NA,NA,NA,NA,NA,NA,NA,NA,NA,NA,NA,NA,NA,NA,NA,NA,NA,NA,NA,NA,NA,NA,NA,NA,NA,NA,NA
"4",2021,4876.2,5,NA,NA,NA,NA,NA,NA,NA,152.037593899815,81.2,116.65,83.76,103.89,18.1,21.75,20.11,17.46,131.41,132.1,105.06,121,48.0972881418523,NA,NA,NA,NA,NA,NA,NA,NA,NA,NA,NA,NA,NA,NA,NA,NA,NA,NA,NA,NA,NA,NA,NA,NA,NA,NA,NA,NA,0.00194798227806365,0.000304498694495571,0.000266517619715165,0.000298081825005528,138,298014,13.7604913191998,14.2331205916501,0.00315309361328879,0.000217614722106141,0.000440132234829162,58,0.000224436209767519,128171,18.2205295269601,19.0211124201262,0.00935433270246892,0.00272458538365744,0.00182411290122999,0.00187258535500502,103,57666,NA,NA,16.5358779870288,16.228509000104,0.0075250310935494,607,0.00270276818544937,0.00205072177371533,0.00207986761129329,298014,10.5288933070258,10.6883881294167
"3",2015,3291,NA,NA,NA,5.8,NA,NA,NA,NA,NA,NA,NA,NA,NA,NA,NA,NA,NA,NA,NA,NA,NA,NA,NA,NA,NA,NA,NA,NA,NA,NA,NA,NA,NA,NA,NA,NA,NA,NA,NA,NA,NA,NA,NA,NA,NA,NA,NA,NA,NA,NA,NA,NA,NA,NA,NA,NA,NA,NA,NA,NA,NA,NA,NA,NA,NA,NA,NA,NA,NA,NA,NA,NA,NA,NA,NA,NA,NA,NA,NA,NA,NA,NA,NA,NA
"3",2016,2847,NA,NA,NA,5.24,NA,NA,NA,NA,NA,NA,NA,NA,NA,NA,NA,NA,NA,NA,NA,NA,NA,NA,NA,NA,NA,NA,NA,NA,NA,NA,NA,NA,NA,NA,NA,NA,NA,NA,NA,NA,NA,NA,NA,NA,NA,NA,NA,NA,NA,NA,NA,NA,NA,NA,NA,NA,NA,NA,NA,NA,NA,NA,NA,NA,NA,NA,NA,NA,NA,NA,NA,NA,NA,NA,NA,NA,NA,NA,NA,NA,NA,NA,NA,NA
"3",2017,2552,NA,NA,NA,5.1,0.897546671879582,0.840465252663474,NA,NA,NA,NA,NA,NA,NA,NA,NA,NA,NA,NA,NA,NA,NA,NA,NA,NA,NA,NA,NA,NA,NA,NA,NA,NA,NA,NA,NA,NA,NA,NA,NA,NA,NA,NA,NA,NA,NA,NA,NA,NA,NA,NA,NA,NA,NA,NA,NA,NA,NA,NA,NA,NA,NA,NA,NA,NA,NA,NA,NA,NA,NA,NA,NA,NA,NA,NA,NA,NA,NA,NA,NA,NA,NA,NA,NA,NA
"3",2018,2106,NA,NA,NA,4.08,0.903338553802666,0.83724550212002,NA,NA,NA,NA,NA,NA,NA,NA,NA,NA,NA,NA,NA,NA,NA,NA,NA,NA,NA,NA,NA,NA,NA,NA,NA,NA,NA,NA,NA,NA,NA,NA,NA,NA,NA,NA,NA,NA,NA,NA,NA,NA,NA,NA,NA,NA,NA,NA,NA,NA,NA,NA,NA,NA,NA,NA,NA,NA,NA,NA,NA,NA,NA,NA,NA,NA,NA,NA,NA,NA,NA,NA,NA,NA,NA,NA,NA,NA
"3",2019,3001,28,149698,0.865411408321241,3.84,0.912568203901637,0.832181029972345,95.6956797966963,93.2851857388445,136.286931935104,NA,NA,NA,NA,NA,NA,NA,NA,NA,NA,NA,NA,87.893085139067,28.3615464,1.177851501,1.500374381,21.17729621,74.28571429,60,NA,NA,NA,NA,NA,NA,0.210145914691369,44.7871229161625,NA,NA,NA,NA,85.7142857142857,NA,30,1.75495929134361,87.5934047089395,3.11080790757621,97.1428571428571,1.19629474410502,7518,58.7846736915719,NA,NA,NA,NA,NA,NA,NA,NA,NA,NA,NA,NA,NA,NA,NA,NA,NA,NA,NA,NA,NA,NA,NA,NA,NA,NA,NA,NA,NA,NA,NA,NA,NA,NA
"3",2020,2717,NA,NA,NA,NA,NA,NA,NA,NA,163.229475177304,NA,NA,NA,NA,NA,NA,NA,NA,NA,NA,NA,NA,87.7733566705435,NA,NA,NA,NA,NA,NA,NA,NA,NA,NA,NA,NA,NA,NA,NA,NA,NA,NA,NA,NA,NA,NA,NA,NA,NA,NA,NA,NA,NA,NA,NA,NA,NA,NA,NA,NA,NA,NA,NA,NA,NA,NA,NA,NA,NA,NA,NA,NA,NA,NA,NA,NA,NA,NA,NA,NA,NA,NA,NA,NA,NA,NA
"3",2021,2804,16.5,NA,NA,NA,NA,NA,NA,NA,198.488793503895,19.9,56.85,25.06,62.98,1.9,2.7,2.4,1.8,26.09,18.2,12.4,15.4,88.7467922659727,NA,NA,NA,NA,NA,NA,NA,NA,NA,NA,NA,NA,NA,NA,NA,NA,NA,NA,NA,NA,NA,NA,NA,NA,NA,NA,NA,NA,0.00273018437956777,0.000643383825454887,0.000579222060791081,0.000519106789600145,140,233464,2.72495189836549,2.86849385772539,0.0183710750053931,0.00101715265857869,0.000745018572875772,75,0.000659957706705582,99103,3.74829853788483,3.69540881708929,0.0384202886741338,0.00213093842372972,0.00285940764444726,0.00168247723335267,69,41567,NA,NA,3.80085380229509,3.90776938436741,0.0294973874843363,334,0.00210531883315639,0.00270497923702287,0.00159188586699456,233464,2.40476600246719,2.47570032210534
"21",2015,4010.8,NA,NA,NA,1.74,NA,NA,NA,NA,NA,NA,NA,NA,NA,NA,NA,NA,NA,NA,NA,NA,NA,NA,NA,NA,NA,NA,NA,NA,NA,NA,NA,NA,NA,NA,NA,NA,NA,NA,NA,NA,NA,NA,NA,NA,NA,NA,NA,NA,NA,NA,NA,NA,NA,NA,NA,NA,NA,NA,NA,NA,NA,NA,NA,NA,NA,NA,NA,NA,NA,NA,NA,NA,NA,NA,NA,NA,NA,NA,NA,NA,NA,NA,NA,NA
"21",2016,3579.2,NA,NA,NA,1.372,NA,NA,NA,NA,NA,NA,NA,NA,NA,NA,NA,NA,NA,NA,NA,NA,NA,NA,NA,NA,NA,NA,NA,NA,NA,NA,NA,NA,NA,NA,NA,NA,NA,NA,NA,NA,NA,NA,NA,NA,NA,NA,NA,NA,NA,NA,NA,NA,NA,NA,NA,NA,NA,NA,NA,NA,NA,NA,NA,NA,NA,NA,NA,NA,NA,NA,NA,NA,NA,NA,NA,NA,NA,NA,NA,NA,NA,NA,NA,NA
"21",2017,3182.8,NA,NA,NA,1.472,0.818822718922229,0.743225658297612,NA,NA,NA,NA,NA,NA,NA,NA,NA,NA,NA,NA,NA,NA,NA,NA,NA,NA,NA,NA,NA,NA,NA,NA,NA,NA,NA,NA,NA,NA,NA,NA,NA,NA,NA,NA,NA,NA,NA,NA,NA,NA,NA,NA,NA,NA,NA,NA,NA,NA,NA,NA,NA,NA,NA,NA,NA,NA,NA,NA,NA,NA,NA,NA,NA,NA,NA,NA,NA,NA,NA,NA,NA,NA,NA,NA,NA,NA
"21",2018,3344.2,NA,NA,NA,1.416,0.808261106733741,0.731370083035335,NA,NA,NA,NA,NA,NA,NA,NA,NA,NA,NA,NA,NA,NA,NA,NA,NA,NA,NA,NA,NA,NA,NA,NA,NA,NA,NA,NA,NA,NA,NA,NA,NA,NA,NA,NA,NA,NA,NA,NA,NA,NA,NA,NA,NA,NA,NA,NA,NA,NA,NA,NA,NA,NA,NA,NA,NA,NA,NA,NA,NA,NA,NA,NA,NA,NA,NA,NA,NA,NA,NA,NA,NA,NA,NA,NA,NA,NA
"21",2019,3770,13,160970,0.692484072048973,1.418,0.819033171369136,0.725970095451234,92.7566706969968,89.0662901687482,108.965703941975,NA,NA,NA,NA,NA,NA,NA,NA,NA,NA,NA,NA,66.9864295982101,6.031756426,0.431991172,0.319090246,7.767027505,45.71428571,31.42857143,4847,NA,NA,NA,NA,NA,0.219303423848879,46.5457824248932,NA,NA,NA,NA,91.4285714285714,NA,539,1.82387141706631,32.6704578695918,1.16026450875575,74.2857142857143,0.993927240439547,17065,45.1412102830033,NA,NA,NA,NA,NA,NA,NA,NA,NA,NA,NA,NA,NA,NA,NA,NA,NA,NA,NA,NA,NA,NA,NA,NA,NA,NA,NA,NA,NA,NA,NA,NA,NA,NA
"21",2020,4397.6,NA,NA,NA,NA,NA,NA,NA,NA,127.315950023461,NA,NA,NA,NA,NA,NA,NA,NA,NA,NA,NA,NA,66.0261761991033,NA,NA,NA,NA,NA,NA,NA,NA,NA,NA,NA,NA,NA,NA,NA,NA,NA,NA,NA,NA,NA,NA,NA,NA,NA,NA,NA,NA,NA,NA,NA,NA,NA,NA,NA,NA,NA,NA,NA,NA,NA,NA,NA,NA,NA,NA,NA,NA,NA,NA,NA,NA,NA,NA,NA,NA,NA,NA,NA,NA,NA,NA
"21",2021,3981.8,5,NA,NA,NA,NA,NA,NA,NA,165.636284361436,29.6,49.8,34.88,44.94,6.7,9.25,9.58,6.98,44.94,53.25,29.28,23,67.8768293374515,NA,NA,NA,NA,NA,NA,NA,NA,NA,NA,NA,NA,NA,NA,NA,NA,NA,NA,NA,NA,NA,NA,NA,NA,NA,NA,NA,NA,0.00196012430574632,0.00041951025808631,0.000368758553455733,0.000420012057066212,177,349588,7.26981539926862,7.4409346350807,0.00856614703140603,0.000736221814218876,0.000708048668626433,141,0.000763117725696056,148907,9.27807680027783,9.55051416785049,0.0283423485060591,0.00202648084288803,0.00166803289119996,0.00181019199920629,129,77261,NA,NA,8.72446188892197,8.95416510270382,0.0106106003948918,877,0.00224702287165369,0.00243358773297753,0.00254779836280346,349588,6.05094336762132,6.14848149822076
"15",2015,12327.25,NA,NA,NA,0.8275,NA,NA,NA,NA,NA,NA,NA,NA,NA,NA,NA,NA,NA,NA,NA,NA,NA,NA,NA,NA,NA,NA,NA,NA,NA,NA,NA,NA,NA,NA,NA,NA,NA,NA,NA,NA,NA,NA,NA,NA,NA,NA,NA,NA,NA,NA,NA,NA,NA,NA,NA,NA,NA,NA,NA,NA,NA,NA,NA,NA,NA,NA,NA,NA,NA,NA,NA,NA,NA,NA,NA,NA,NA,NA,NA,NA,NA,NA,NA,NA
"15",2016,9826,NA,NA,NA,1.005,NA,NA,NA,NA,NA,NA,NA,NA,NA,NA,NA,NA,NA,NA,NA,NA,NA,NA,NA,NA,NA,NA,NA,NA,NA,NA,NA,NA,NA,NA,NA,NA,NA,NA,NA,NA,NA,NA,NA,NA,NA,NA,NA,NA,NA,NA,NA,NA,NA,NA,NA,NA,NA,NA,NA,NA,NA,NA,NA,NA,NA,NA,NA,NA,NA,NA,NA,NA,NA,NA,NA,NA,NA,NA,NA,NA,NA,NA,NA,NA
"15",2017,7842,NA,NA,NA,0.3275,0.593529478716139,0.486085818347371,NA,NA,NA,NA,NA,NA,NA,NA,NA,NA,NA,NA,NA,NA,NA,NA,NA,NA,NA,NA,NA,NA,NA,NA,NA,NA,NA,NA,NA,NA,NA,NA,NA,NA,NA,NA,NA,NA,NA,NA,NA,NA,NA,NA,NA,NA,NA,NA,NA,NA,NA,NA,NA,NA,NA,NA,NA,NA,NA,NA,NA,NA,NA,NA,NA,NA,NA,NA,NA,NA,NA,NA,NA,NA,NA,NA,NA,NA
"15",2018,7745.25,NA,NA,NA,0.4225,0.603883996443017,0.482172054731649,NA,NA,NA,NA,NA,NA,NA,NA,NA,NA,NA,NA,NA,NA,NA,NA,NA,NA,NA,NA,NA,NA,NA,NA,NA,NA,NA,NA,NA,NA,NA,NA,NA,NA,NA,NA,NA,NA,NA,NA,NA,NA,NA,NA,NA,NA,NA,NA,NA,NA,NA,NA,NA,NA,NA,NA,NA,NA,NA,NA,NA,NA,NA,NA,NA,NA,NA,NA,NA,NA,NA,NA,NA,NA,NA,NA,NA,NA
"15",2019,5783.25,21,29115,0.449972181008902,0.44,0.603016678752719,0.467585206671501,77.1370558375635,71.9361856417694,62.5244401128029,NA,NA,NA,NA,NA,NA,NA,NA,NA,NA,NA,NA,8.57964633806696,100,5.561859687,5.290171278,100,100,100,461,NA,NA,NA,NA,NA,0.210145914691369,0,NA,NA,NA,NA,31.4285714285714,NA,NA,0,0,0,45.7142857142857,0.362006484762126,1184,2.53759284918821,NA,NA,NA,NA,NA,NA,NA,NA,NA,NA,NA,NA,NA,NA,NA,NA,NA,NA,NA,NA,NA,NA,NA,NA,NA,NA,NA,NA,NA,NA,NA,NA,NA,NA
"15",2020,5599.5,NA,NA,NA,NA,NA,NA,NA,NA,70.0197604943512,NA,NA,NA,NA,NA,NA,NA,NA,NA,NA,NA,NA,8.62595649309929,NA,NA,NA,NA,NA,NA,NA,NA,NA,NA,NA,NA,NA,NA,NA,NA,NA,NA,NA,NA,NA,NA,NA,NA,NA,NA,NA,NA,NA,NA,NA,NA,NA,NA,NA,NA,NA,NA,NA,NA,NA,NA,NA,NA,NA,NA,NA,NA,NA,NA,NA,NA,NA,NA,NA,NA,NA,NA,NA,NA,NA,NA
"15",2021,5483.25,9.5,NA,NA,NA,NA,NA,NA,NA,80.2212927649146,102.1,185.35,104.38,174.17,10.3,12.8,13.97,9.76,345.15,413.25,267,300.9,8.26831251196094,NA,NA,NA,NA,NA,NA,NA,NA,NA,NA,NA,NA,NA,NA,NA,NA,NA,NA,NA,NA,NA,NA,NA,NA,NA,NA,NA,NA,0.00062265492699758,0.000168254612208641,0.000168943731701066,0.000165799098155996,15,88306,31.6265243584807,33.539735125586,0.00405993857167604,0.00043045007977264,0.000380030686370009,15,0.00042618863878868,36052,28.7516290358371,30.4451334183956,0.00315469619536452,0.0004826563716739,0.000534156329752508,0.000531135493073383,9,16849,NA,NA,31.7877606979643,30.3124784853701,0.00861520454919546,155,0.00161704234781422,0.00178924259973823,0.00175448409667407,88306,19.9981655833126,20.0506862500849
"19",2015,7064,NA,NA,NA,0.898,NA,NA,NA,NA,NA,NA,NA,NA,NA,NA,NA,NA,NA,NA,NA,NA,NA,NA,NA,NA,NA,NA,NA,NA,NA,NA,NA,NA,NA,NA,NA,NA,NA,NA,NA,NA,NA,NA,NA,NA,NA,NA,NA,NA,NA,NA,NA,NA,NA,NA,NA,NA,NA,NA,NA,NA,NA,NA,NA,NA,NA,NA,NA,NA,NA,NA,NA,NA,NA,NA,NA,NA,NA,NA,NA,NA,NA,NA,NA,NA
"19",2016,5572.8,NA,NA,NA,1.006,NA,NA,NA,NA,NA,NA,NA,NA,NA,NA,NA,NA,NA,NA,NA,NA,NA,NA,NA,NA,NA,NA,NA,NA,NA,NA,NA,NA,NA,NA,NA,NA,NA,NA,NA,NA,NA,NA,NA,NA,NA,NA,NA,NA,NA,NA,NA,NA,NA,NA,NA,NA,NA,NA,NA,NA,NA,NA,NA,NA,NA,NA,NA,NA,NA,NA,NA,NA,NA,NA,NA,NA,NA,NA,NA,NA,NA,NA,NA,NA
"19",2017,4769,NA,NA,NA,1.094,0.761907515286431,0.598505326761011,NA,NA,NA,NA,NA,NA,NA,NA,NA,NA,NA,NA,NA,NA,NA,NA,NA,NA,NA,NA,NA,NA,NA,NA,NA,NA,NA,NA,NA,NA,NA,NA,NA,NA,NA,NA,NA,NA,NA,NA,NA,NA,NA,NA,NA,NA,NA,NA,NA,NA,NA,NA,NA,NA,NA,NA,NA,NA,NA,NA,NA,NA,NA,NA,NA,NA,NA,NA,NA,NA,NA,NA,NA,NA,NA,NA,NA,NA
"19",2018,4279.2,NA,NA,NA,0.86,0.784772103957163,0.609536662168241,NA,NA,NA,NA,NA,NA,NA,NA,NA,NA,NA,NA,NA,NA,NA,NA,NA,NA,NA,NA,NA,NA,NA,NA,NA,NA,NA,NA,NA,NA,NA,NA,NA,NA,NA,NA,NA,NA,NA,NA,NA,NA,NA,NA,NA,NA,NA,NA,NA,NA,NA,NA,NA,NA,NA,NA,NA,NA,NA,NA,NA,NA,NA,NA,NA,NA,NA,NA,NA,NA,NA,NA,NA,NA,NA,NA,NA,NA
"19",2019,4043.4,16,70524,0.621592321319971,1.042,0.807613376882389,0.623421105876232,88.8776483510131,84.9437812527098,89.9593793788195,NA,NA,NA,NA,NA,NA,NA,NA,NA,NA,NA,NA,43.9949076267153,25.33545628,0.882408866,1.340289031,15.86535647,60,48.57142857,1184,NA,NA,NA,NA,NA,0.210145914691369,3.14081399734035,NA,NA,NA,NA,45.7142857142857,NA,NA,0.123071104998918,0,0,45.7142857142857,0.864675326855715,5034,36.4271444299027,NA,NA,NA,NA,NA,NA,NA,NA,NA,NA,NA,NA,NA,NA,NA,NA,NA,NA,NA,NA,NA,NA,NA,NA,NA,NA,NA,NA,NA,NA,NA,NA,NA,NA
"19",2020,3923.6,NA,NA,NA,NA,NA,NA,NA,NA,108.183772905662,NA,NA,NA,NA,NA,NA,NA,NA,NA,NA,NA,NA,44.2817133516538,NA,NA,NA,NA,NA,NA,NA,NA,NA,NA,NA,NA,NA,NA,NA,NA,NA,NA,NA,NA,NA,NA,NA,NA,NA,NA,NA,NA,NA,NA,NA,NA,NA,NA,NA,NA,NA,NA,NA,NA,NA,NA,NA,NA,NA,NA,NA,NA,NA,NA,NA,NA,NA,NA,NA,NA,NA,NA,NA,NA,NA,NA
"19",2021,4413.4,9,NA,NA,NA,NA,NA,NA,NA,136.223012936947,45,83.7,37.12,76.24,7.1,10.45,9.41,5.92,189.45,234.85,134,122.5,44.5600615810392,NA,NA,NA,NA,NA,NA,NA,NA,NA,NA,NA,NA,NA,NA,NA,NA,NA,NA,NA,NA,NA,NA,NA,NA,NA,NA,NA,NA,0.000691721288731113,0.000141853926176703,0.000247165932599547,0.000145478006874267,57,182489,16.2303526787916,16.545100252618,0.00240807557448105,0.000257592898532313,0.000544478823334511,40,0.000274418070181148,78206,19.1468644349538,20.0482961665345,0.0170359585824696,0.00152807578013211,0.00147993676633817,0.00148803634803213,44,29731,NA,NA,21.5890484679291,22.4969022232686,0.00423716637397435,382,0.0027464721160185,0.0021186166210398,0.00215789262825368,182489,10.1836963871795,10.4760689685406
"24",2015,3739,NA,NA,NA,0.86,NA,NA,NA,NA,NA,NA,NA,NA,NA,NA,NA,NA,NA,NA,NA,NA,NA,NA,NA,NA,NA,NA,NA,NA,NA,NA,NA,NA,NA,NA,NA,NA,NA,NA,NA,NA,NA,NA,NA,NA,NA,NA,NA,NA,NA,NA,NA,NA,NA,NA,NA,NA,NA,NA,NA,NA,NA,NA,NA,NA,NA,NA,NA,NA,NA,NA,NA,NA,NA,NA,NA,NA,NA,NA,NA,NA,NA,NA,NA,NA
"24",2016,3004,NA,NA,NA,0.89,NA,NA,NA,NA,NA,NA,NA,NA,NA,NA,NA,NA,NA,NA,NA,NA,NA,NA,NA,NA,NA,NA,NA,NA,NA,NA,NA,NA,NA,NA,NA,NA,NA,NA,NA,NA,NA,NA,NA,NA,NA,NA,NA,NA,NA,NA,NA,NA,NA,NA,NA,NA,NA,NA,NA,NA,NA,NA,NA,NA,NA,NA,NA,NA,NA,NA,NA,NA,NA,NA,NA,NA,NA,NA,NA,NA,NA,NA,NA,NA
"24",2017,2937,NA,NA,NA,1.16,0.736372077780205,0.567648022722307,NA,NA,NA,NA,NA,NA,NA,NA,NA,NA,NA,NA,NA,NA,NA,NA,NA,NA,NA,NA,NA,NA,NA,NA,NA,NA,NA,NA,NA,NA,NA,NA,NA,NA,NA,NA,NA,NA,NA,NA,NA,NA,NA,NA,NA,NA,NA,NA,NA,NA,NA,NA,NA,NA,NA,NA,NA,NA,NA,NA,NA,NA,NA,NA,NA,NA,NA,NA,NA,NA,NA,NA,NA,NA,NA,NA,NA,NA
"24",2018,3389,NA,NA,NA,1.33,0.760467220531381,0.560171094842478,NA,NA,NA,NA,NA,NA,NA,NA,NA,NA,NA,NA,NA,NA,NA,NA,NA,NA,NA,NA,NA,NA,NA,NA,NA,NA,NA,NA,NA,NA,NA,NA,NA,NA,NA,NA,NA,NA,NA,NA,NA,NA,NA,NA,NA,NA,NA,NA,NA,NA,NA,NA,NA,NA,NA,NA,NA,NA,NA,NA,NA,NA,NA,NA,NA,NA,NA,NA,NA,NA,NA,NA,NA,NA,NA,NA,NA,NA
"24",2019,4490,11,37012,0.581858198396479,1.15,0.796013197690404,0.551031069562827,88.6307396205664,82.6505361561727,116.324700819623,NA,NA,NA,NA,NA,NA,NA,NA,NA,NA,NA,NA,47.8382813896019,32.37046234,1.011076804,1.712452901,18.17875425,80,51.42857143,NA,NA,NA,NA,NA,NA,0.00501770956316427,37.5910883555982,NA,NA,NA,NA,77.1428571428572,NA,NA,1.47298655251571,50.0500588478926,1.77748677946741,85.7142857142857,1.23484175908112,4709,61.3834841666238,NA,NA,NA,NA,NA,NA,NA,NA,NA,NA,NA,NA,NA,NA,NA,NA,NA,NA,NA,NA,NA,NA,NA,NA,NA,NA,NA,NA,NA,NA,NA,NA,NA,NA
"24",2020,5067,NA,NA,NA,NA,NA,NA,NA,NA,126.441019601194,NA,NA,NA,NA,NA,NA,NA,NA,NA,NA,NA,NA,45.8131671080885,NA,NA,NA,NA,NA,NA,NA,NA,NA,NA,NA,NA,NA,NA,NA,NA,NA,NA,NA,NA,NA,NA,NA,NA,NA,NA,NA,NA,NA,NA,NA,NA,NA,NA,NA,NA,NA,NA,NA,NA,NA,NA,NA,NA,NA,NA,NA,NA,NA,NA,NA,NA,NA,NA,NA,NA,NA,NA,NA,NA,NA,NA
"24",2021,4717,5,NA,NA,NA,NA,NA,NA,NA,155.592481251953,21.6,23.1,20,23.1,3.6,4.65,4.4,3.38,29.03,26.85,22.7,23.6,45.8875274613952,NA,NA,NA,NA,NA,NA,NA,NA,NA,NA,NA,NA,NA,NA,NA,NA,NA,NA,NA,NA,NA,NA,NA,NA,NA,NA,NA,NA,0.00158400391343622,0.000332874083815149,0.000422511112618333,0.000310285038396104,28,95097,5.05844064481529,5.22699401663565,0.0194858519769614,0.000943538714523689,0.000799393581591885,52,0.00085581353233054,39994,6.7286355453318,6.53919087863179,0.105789994446822,0.00225611040390898,0.00331693425100135,0.00282331236227603,84,22277,NA,NA,5.97008169861292,6.12987610540019,0.0286475001186338,287,0.00242168229763642,0.00282068000552127,0.00250337838250379,95097,4.03835557378256,4.10671892909345
"23",2015,5701.5,NA,NA,NA,1.095,NA,NA,NA,NA,NA,NA,NA,NA,NA,NA,NA,NA,NA,NA,NA,NA,NA,NA,NA,NA,NA,NA,NA,NA,NA,NA,NA,NA,NA,NA,NA,NA,NA,NA,NA,NA,NA,NA,NA,NA,NA,NA,NA,NA,NA,NA,NA,NA,NA,NA,NA,NA,NA,NA,NA,NA,NA,NA,NA,NA,NA,NA,NA,NA,NA,NA,NA,NA,NA,NA,NA,NA,NA,NA,NA,NA,NA,NA,NA,NA
"23",2016,4896.5,NA,NA,NA,1.22,NA,NA,NA,NA,NA,NA,NA,NA,NA,NA,NA,NA,NA,NA,NA,NA,NA,NA,NA,NA,NA,NA,NA,NA,NA,NA,NA,NA,NA,NA,NA,NA,NA,NA,NA,NA,NA,NA,NA,NA,NA,NA,NA,NA,NA,NA,NA,NA,NA,NA,NA,NA,NA,NA,NA,NA,NA,NA,NA,NA,NA,NA,NA,NA,NA,NA,NA,NA,NA,NA,NA,NA,NA,NA,NA,NA,NA,NA,NA,NA
"23",2017,5100.5,NA,NA,NA,1.185,0.62445801256526,0.452747544465092,NA,NA,NA,NA,NA,NA,NA,NA,NA,NA,NA,NA,NA,NA,NA,NA,NA,NA,NA,NA,NA,NA,NA,NA,NA,NA,NA,NA,NA,NA,NA,NA,NA,NA,NA,NA,NA,NA,NA,NA,NA,NA,NA,NA,NA,NA,NA,NA,NA,NA,NA,NA,NA,NA,NA,NA,NA,NA,NA,NA,NA,NA,NA,NA,NA,NA,NA,NA,NA,NA,NA,NA,NA,NA,NA,NA,NA,NA
"23",2018,4660,NA,NA,NA,1.245,0.669731527148564,0.466959762547702,NA,NA,NA,NA,NA,NA,NA,NA,NA,NA,NA,NA,NA,NA,NA,NA,NA,NA,NA,NA,NA,NA,NA,NA,NA,NA,NA,NA,NA,NA,NA,NA,NA,NA,NA,NA,NA,NA,NA,NA,NA,NA,NA,NA,NA,NA,NA,NA,NA,NA,NA,NA,NA,NA,NA,NA,NA,NA,NA,NA,NA,NA,NA,NA,NA,NA,NA,NA,NA,NA,NA,NA,NA,NA,NA,NA,NA,NA
"23",2019,4720,14.5,35875,0.48633516796356,1.455,0.717324955116697,0.496252244165171,81.7235188509874,75.5296229802513,107.739826966269,NA,NA,NA,NA,NA,NA,NA,NA,NA,NA,NA,NA,28.3798521485008,0.098760916,0.027523063,0.005224622,0.494853607,34.28571429,8.571428571,454,NA,NA,NA,NA,NA,0.219303423848879,0,NA,NA,NA,NA,31.4285714285714,NA,NA,0,0,0,45.7142857142857,0.65993676687957,2660,22.6238262055737,NA,NA,NA,NA,NA,NA,NA,NA,NA,NA,NA,NA,NA,NA,NA,NA,NA,NA,NA,NA,NA,NA,NA,NA,NA,NA,NA,NA,NA,NA,NA,NA,NA,NA
"23",2020,4612.5,NA,NA,NA,NA,NA,NA,NA,NA,118.87394777386,NA,NA,NA,NA,NA,NA,NA,NA,NA,NA,NA,NA,28.2449856487162,NA,NA,NA,NA,NA,NA,NA,NA,NA,NA,NA,NA,NA,NA,NA,NA,NA,NA,NA,NA,NA,NA,NA,NA,NA,NA,NA,NA,NA,NA,NA,NA,NA,NA,NA,NA,NA,NA,NA,NA,NA,NA,NA,NA,NA,NA,NA,NA,NA,NA,NA,NA,NA,NA,NA,NA,NA,NA,NA,NA,NA,NA
"23",2021,4575.5,8,NA,NA,NA,NA,NA,NA,NA,141.351187052674,63.2,69.55,50.82,78.06,10.4,18.65,14.94,9.92,171.56,190.4,132.7,158.1,28.4586629377242,NA,NA,NA,NA,NA,NA,NA,NA,NA,NA,NA,NA,NA,NA,NA,NA,NA,NA,NA,NA,NA,NA,NA,NA,NA,NA,NA,NA,0.00181012489857728,0.000286768530755859,0.000316023802571721,0.000289955506351108,28,102326,18.3062092723257,18.9465614799758,0.00471388303167381,0.000535895369863345,0.000344295130935157,25,0.000530040139019722,44878,19.2178379161282,19.8192833905254,0.00659457928977872,0.00116766827426804,0.000794673880425969,0.000815500185060234,16,20674,NA,NA,17.9825495791816,18.930961594273,0.0159776230706785,257,0.00214400812220034,0.00250114850644005,0.00251526229772269,102326,11.7664452827238,11.8716240251744
"18",2015,8393.88,NA,NA,NA,1.42,NA,NA,NA,NA,NA,NA,NA,NA,NA,NA,NA,NA,NA,NA,NA,NA,NA,NA,NA,NA,NA,NA,NA,NA,NA,NA,NA,NA,NA,NA,NA,NA,NA,NA,NA,NA,NA,NA,NA,NA,NA,NA,NA,NA,NA,NA,NA,NA,NA,NA,NA,NA,NA,NA,NA,NA,NA,NA,NA,NA,NA,NA,NA,NA,NA,NA,NA,NA,NA,NA,NA,NA,NA,NA,NA,NA,NA,NA,NA,NA
"18",2016,7217.12,NA,NA,NA,1.1475,NA,NA,NA,NA,NA,NA,NA,NA,NA,NA,NA,NA,NA,NA,NA,NA,NA,NA,NA,NA,NA,NA,NA,NA,NA,NA,NA,NA,NA,NA,NA,NA,NA,NA,NA,NA,NA,NA,NA,NA,NA,NA,NA,NA,NA,NA,NA,NA,NA,NA,NA,NA,NA,NA,NA,NA,NA,NA,NA,NA,NA,NA,NA,NA,NA,NA,NA,NA,NA,NA,NA,NA,NA,NA,NA,NA,NA,NA,NA,NA
"18",2017,6758.12,NA,NA,NA,0.84875,0.66224160819268,0.534635564827107,NA,NA,NA,NA,NA,NA,NA,NA,NA,NA,NA,NA,NA,NA,NA,NA,NA,NA,NA,NA,NA,NA,NA,NA,NA,NA,NA,NA,NA,NA,NA,NA,NA,NA,NA,NA,NA,NA,NA,NA,NA,NA,NA,NA,NA,NA,NA,NA,NA,NA,NA,NA,NA,NA,NA,NA,NA,NA,NA,NA,NA,NA,NA,NA,NA,NA,NA,NA,NA,NA,NA,NA,NA,NA,NA,NA,NA,NA
"18",2018,6104.75,NA,NA,NA,1.6225,0.698035580500565,0.542316922959708,NA,NA,NA,NA,NA,NA,NA,NA,NA,NA,NA,NA,NA,NA,NA,NA,NA,NA,NA,NA,NA,NA,NA,NA,NA,NA,NA,NA,NA,NA,NA,NA,NA,NA,NA,NA,NA,NA,NA,NA,NA,NA,NA,NA,NA,NA,NA,NA,NA,NA,NA,NA,NA,NA,NA,NA,NA,NA,NA,NA,NA,NA,NA,NA,NA,NA,NA,NA,NA,NA,NA,NA,NA,NA,NA,NA,NA,NA
"18",2019,5096.38,18,67343,0.4824757483271,1.8625,0.719431267501183,0.547571251390505,81.471441905663,75.7508726617141,60.8865128476173,NA,NA,NA,NA,NA,NA,NA,NA,NA,NA,NA,NA,21.9988291646633,0,0.555311035,0,9.984269038,31.42857143,37.14285714,NA,NA,NA,NA,NA,NA,0.219303423848879,0,NA,NA,NA,NA,31.4285714285714,NA,104,0,0,0,45.7142857142857,0.637041734009565,4445,21.0802604771737,NA,NA,NA,NA,NA,NA,NA,NA,NA,NA,NA,NA,NA,NA,NA,NA,NA,NA,NA,NA,NA,NA,NA,NA,NA,NA,NA,NA,NA,NA,NA,NA,NA,NA
"18",2020,4965.5,NA,NA,NA,NA,NA,NA,NA,NA,79.9538207247105,NA,NA,NA,NA,NA,NA,NA,NA,NA,NA,NA,NA,23.6921020607039,NA,NA,NA,NA,NA,NA,NA,NA,NA,NA,NA,NA,NA,NA,NA,NA,NA,NA,NA,NA,NA,NA,NA,NA,NA,NA,NA,NA,NA,NA,NA,NA,NA,NA,NA,NA,NA,NA,NA,NA,NA,NA,NA,NA,NA,NA,NA,NA,NA,NA,NA,NA,NA,NA,NA,NA,NA,NA,NA,NA,NA,NA
"18",2021,4578.62,6,NA,NA,NA,NA,NA,NA,NA,100.671221353335,68.4,106.6,68.9,106.16,31.1,32.5,30.2,27.04,243.1,299.05,177.08,186.8,23.6157806788169,NA,NA,NA,NA,NA,NA,NA,NA,NA,NA,NA,NA,NA,NA,NA,NA,NA,NA,NA,NA,NA,NA,NA,NA,NA,NA,NA,NA,0.00138660709723195,0.000336703324633371,0.00030300373112635,0.000335560633171616,81,189042,19.380382950766,19.4800290272054,0.00410972145061183,0.000402946546622175,0.000344671917878725,38,0.000399699955850803,79415,24.6747765535478,22.1130315431594,0.00946411896845063,0.000957561467197,0.00105741942606193,0.00105478127413639,37,35134,NA,NA,24.849916604998,22.3499160357488,0.0083251468194992,418,0.00200830119293269,0.00229636086231535,0.00226656096850117,189042,15.0426837145217,15.5741019434277
"22",2015,6074.86,NA,NA,NA,0.757142857142857,NA,NA,NA,NA,NA,NA,NA,NA,NA,NA,NA,NA,NA,NA,NA,NA,NA,NA,NA,NA,NA,NA,NA,NA,NA,NA,NA,NA,NA,NA,NA,NA,NA,NA,NA,NA,NA,NA,NA,NA,NA,NA,NA,NA,NA,NA,NA,NA,NA,NA,NA,NA,NA,NA,NA,NA,NA,NA,NA,NA,NA,NA,NA,NA,NA,NA,NA,NA,NA,NA,NA,NA,NA,NA,NA,NA,NA,NA,NA,NA
"22",2016,5991.57,NA,NA,NA,0.94,NA,NA,NA,NA,NA,NA,NA,NA,NA,NA,NA,NA,NA,NA,NA,NA,NA,NA,NA,NA,NA,NA,NA,NA,NA,NA,NA,NA,NA,NA,NA,NA,NA,NA,NA,NA,NA,NA,NA,NA,NA,NA,NA,NA,NA,NA,NA,NA,NA,NA,NA,NA,NA,NA,NA,NA,NA,NA,NA,NA,NA,NA,NA,NA,NA,NA,NA,NA,NA,NA,NA,NA,NA,NA,NA,NA,NA,NA,NA,NA
"22",2017,4490.71,NA,NA,NA,0.877142857142857,0.580977856217081,0.35763726112015,NA,NA,NA,NA,NA,NA,NA,NA,NA,NA,NA,NA,NA,NA,NA,NA,NA,NA,NA,NA,NA,NA,NA,NA,NA,NA,NA,NA,NA,NA,NA,NA,NA,NA,NA,NA,NA,NA,NA,NA,NA,NA,NA,NA,NA,NA,NA,NA,NA,NA,NA,NA,NA,NA,NA,NA,NA,NA,NA,NA,NA,NA,NA,NA,NA,NA,NA,NA,NA,NA,NA,NA,NA,NA,NA,NA,NA,NA
"22",2018,4022.14,NA,NA,NA,0.957142857142857,0.624923995356807,0.370957934884749,NA,NA,NA,NA,NA,NA,NA,NA,NA,NA,NA,NA,NA,NA,NA,NA,NA,NA,NA,NA,NA,NA,NA,NA,NA,NA,NA,NA,NA,NA,NA,NA,NA,NA,NA,NA,NA,NA,NA,NA,NA,NA,NA,NA,NA,NA,NA,NA,NA,NA,NA,NA,NA,NA,NA,NA,NA,NA,NA,NA,NA,NA,NA,NA,NA,NA,NA,NA,NA,NA,NA,NA,NA,NA,NA,NA,NA,NA
"22",2019,5031.14,12,30280,0.429211317117424,0.652857142857143,0.639212988442488,0.36073197578426,77.1986791414419,69.0946615299945,32.2443262248797,NA,NA,NA,NA,NA,NA,NA,NA,NA,NA,NA,NA,0.702603862828158,0,0,0,0,31.42857143,5.714285714,NA,NA,NA,NA,NA,NA,0.210145914691369,0,NA,NA,NA,NA,31.4285714285714,NA,NA,0,0,0,45.7142857142857,0.412063706185394,1558,5.91241270145038,NA,NA,NA,NA,NA,NA,NA,NA,NA,NA,NA,NA,NA,NA,NA,NA,NA,NA,NA,NA,NA,NA,NA,NA,NA,NA,NA,NA,NA,NA,NA,NA,NA,NA
"22",2020,5048.43,NA,NA,NA,NA,NA,NA,NA,NA,41.1501024804954,NA,NA,NA,NA,NA,NA,NA,NA,NA,NA,NA,NA,2.62349846909074,NA,NA,NA,NA,NA,NA,NA,NA,NA,NA,NA,NA,NA,NA,NA,NA,NA,NA,NA,NA,NA,NA,NA,NA,NA,NA,NA,NA,NA,NA,NA,NA,NA,NA,NA,NA,NA,NA,NA,NA,NA,NA,NA,NA,NA,NA,NA,NA,NA,NA,NA,NA,NA,NA,NA,NA,NA,NA,NA,NA,NA,NA
"22",2021,5197.14,6,NA,NA,NA,NA,NA,NA,NA,86.2995297903827,74.9,81.55,75.16,81.27,11.75,12.2,12.15,11.6,112.69,101.95,83.94,82.8,10.3372120644453,NA,NA,NA,NA,NA,NA,NA,NA,NA,NA,NA,NA,NA,NA,NA,NA,NA,NA,NA,NA,NA,NA,NA,NA,NA,NA,NA,NA,0.000682421271662093,0.000126420088947114,9.16369167072733e-05,0.000161585711507181,26,102496,28.6339699110209,28.6544382219794,NA,0,8.23119892677374e-05,7,3.32536351597733e-05,42030,42.4009881037354,37.6065488936474,0.00386221858725651,0.000782193106983479,0.000625216253782723,0.000826160991719461,13,19447,NA,NA,37.2618311307657,37.1553941481977,0.00339341984421536,134,0.00116100814788094,0.00127167446101865,0.00141378508655634,102496,17.7044158796441,17.2522815524508
"28",2015,5141,NA,NA,NA,4.08,NA,NA,NA,NA,NA,NA,NA,NA,NA,NA,NA,NA,NA,NA,NA,NA,NA,NA,NA,NA,NA,NA,NA,NA,NA,NA,NA,NA,NA,NA,NA,NA,NA,NA,NA,NA,NA,NA,NA,NA,NA,NA,NA,NA,NA,NA,NA,NA,NA,NA,NA,NA,NA,NA,NA,NA,NA,NA,NA,NA,NA,NA,NA,NA,NA,NA,NA,NA,NA,NA,NA,NA,NA,NA,NA,NA,NA,NA,NA,NA
"28",2016,5218,NA,NA,NA,3.76,NA,NA,NA,NA,NA,NA,NA,NA,NA,NA,NA,NA,NA,NA,NA,NA,NA,NA,NA,NA,NA,NA,NA,NA,NA,NA,NA,NA,NA,NA,NA,NA,NA,NA,NA,NA,NA,NA,NA,NA,NA,NA,NA,NA,NA,NA,NA,NA,NA,NA,NA,NA,NA,NA,NA,NA,NA,NA,NA,NA,NA,NA,NA,NA,NA,NA,NA,NA,NA,NA,NA,NA,NA,NA,NA,NA,NA,NA,NA,NA
"28",2017,4095,NA,NA,NA,3.92,0.706010892220803,0.606053474977028,NA,NA,NA,NA,NA,NA,NA,NA,NA,NA,NA,NA,NA,NA,NA,NA,NA,NA,NA,NA,NA,NA,NA,NA,NA,NA,NA,NA,NA,NA,NA,NA,NA,NA,NA,NA,NA,NA,NA,NA,NA,NA,NA,NA,NA,NA,NA,NA,NA,NA,NA,NA,NA,NA,NA,NA,NA,NA,NA,NA,NA,NA,NA,NA,NA,NA,NA,NA,NA,NA,NA,NA,NA,NA,NA,NA,NA,NA
"28",2018,4167,NA,NA,NA,3.8,0.730438750751286,0.62583754424237,NA,NA,NA,NA,NA,NA,NA,NA,NA,NA,NA,NA,NA,NA,NA,NA,NA,NA,NA,NA,NA,NA,NA,NA,NA,NA,NA,NA,NA,NA,NA,NA,NA,NA,NA,NA,NA,NA,NA,NA,NA,NA,NA,NA,NA,NA,NA,NA,NA,NA,NA,NA,NA,NA,NA,NA,NA,NA,NA,NA,NA,NA,NA,NA,NA,NA,NA,NA,NA,NA,NA,NA,NA,NA,NA,NA,NA,NA
"28",2019,4927,8,100396,0.63590471183628,3.93,0.754465620535764,0.639804653326098,88.0721143730413,80.7421844719328,122.588642420429,NA,NA,NA,NA,NA,NA,NA,NA,NA,NA,NA,NA,38.2128165268464,25.36007068,1.074676585,1.341591175,19.32225272,65.71428571,57.14285714,NA,NA,NA,NA,NA,NA,-0.994982290436836,22.9313026002373,NA,NA,NA,NA,57.1428571428571,NA,NA,0.898550742726443,21.2964499425431,0.756325948337099,71.4285714285714,1.1041422017776,7114,52.5718192733589,NA,NA,NA,NA,NA,NA,NA,NA,NA,NA,NA,NA,NA,NA,NA,NA,NA,NA,NA,NA,NA,NA,NA,NA,NA,NA,NA,NA,NA,NA,NA,NA,NA,NA
"28",2020,4572,NA,NA,NA,NA,NA,NA,NA,NA,145.905946890526,NA,NA,NA,NA,NA,NA,NA,NA,NA,NA,NA,NA,39.5340156059886,NA,NA,NA,NA,NA,NA,NA,NA,NA,NA,NA,NA,NA,NA,NA,NA,NA,NA,NA,NA,NA,NA,NA,NA,NA,NA,NA,NA,NA,NA,NA,NA,NA,NA,NA,NA,NA,NA,NA,NA,NA,NA,NA,NA,NA,NA,NA,NA,NA,NA,NA,NA,NA,NA,NA,NA,NA,NA,NA,NA,NA,NA
"28",2021,4529,0,NA,NA,NA,NA,NA,NA,NA,171.302340242042,19,26.75,19.1,33.6,4.4,5.55,5.45,4.5,58.04,59.6,25.68,24.5,40.0020475672609,NA,NA,NA,NA,NA,NA,NA,NA,NA,NA,NA,NA,NA,NA,NA,NA,NA,NA,NA,NA,NA,NA,NA,NA,NA,NA,NA,NA,0.00158221305666629,0.000490567135862402,0.000369646786881192,0.000373736917846846,64,226622,5.10560678133632,5.31524344503182,0.0436724431122831,0.00147776177991525,0.000868661613132404,222,0.00118859605083331,102123,4.99084691989072,5.00201570654994,0.0633223174354496,0.003269136094742,0.00548704048790665,0.00428353548310281,319,39956,NA,NA,5.25778105916508,5.21729277204925,0.0594012281135093,1494,0.00306654300498885,0.0051175642248747,0.00402173371766219,226622,3.06989842115946,3.18153091932822
"16",2015,7988.83,NA,NA,NA,2.93833333333333,NA,NA,NA,NA,NA,NA,NA,NA,NA,NA,NA,NA,NA,NA,NA,NA,NA,NA,NA,NA,NA,NA,NA,NA,NA,NA,NA,NA,NA,NA,NA,NA,NA,NA,NA,NA,NA,NA,NA,NA,NA,NA,NA,NA,NA,NA,NA,NA,NA,NA,NA,NA,NA,NA,NA,NA,NA,NA,NA,NA,NA,NA,NA,NA,NA,NA,NA,NA,NA,NA,NA,NA,NA,NA,NA,NA,NA,NA,NA,NA
"16",2016,7356,NA,NA,NA,3.035,NA,NA,NA,NA,NA,NA,NA,NA,NA,NA,NA,NA,NA,NA,NA,NA,NA,NA,NA,NA,NA,NA,NA,NA,NA,NA,NA,NA,NA,NA,NA,NA,NA,NA,NA,NA,NA,NA,NA,NA,NA,NA,NA,NA,NA,NA,NA,NA,NA,NA,NA,NA,NA,NA,NA,NA,NA,NA,NA,NA,NA,NA,NA,NA,NA,NA,NA,NA,NA,NA,NA,NA,NA,NA,NA,NA,NA,NA,NA,NA
"16",2017,6631.83,NA,NA,NA,3.06333333333333,0.727251948526891,0.575952549656008,NA,NA,NA,NA,NA,NA,NA,NA,NA,NA,NA,NA,NA,NA,NA,NA,NA,NA,NA,NA,NA,NA,NA,NA,NA,NA,NA,NA,NA,NA,NA,NA,NA,NA,NA,NA,NA,NA,NA,NA,NA,NA,NA,NA,NA,NA,NA,NA,NA,NA,NA,NA,NA,NA,NA,NA,NA,NA,NA,NA,NA,NA,NA,NA,NA,NA,NA,NA,NA,NA,NA,NA,NA,NA,NA,NA,NA,NA
"16",2018,6945.17,NA,NA,NA,3.30333333333333,0.752250617927844,0.585659538765051,NA,NA,NA,NA,NA,NA,NA,NA,NA,NA,NA,NA,NA,NA,NA,NA,NA,NA,NA,NA,NA,NA,NA,NA,NA,NA,NA,NA,NA,NA,NA,NA,NA,NA,NA,NA,NA,NA,NA,NA,NA,NA,NA,NA,NA,NA,NA,NA,NA,NA,NA,NA,NA,NA,NA,NA,NA,NA,NA,NA,NA,NA,NA,NA,NA,NA,NA,NA,NA,NA,NA,NA,NA,NA,NA,NA,NA,NA
"16",2019,5698,13,86698,0.527780652466381,2.995,0.779141932002159,0.597263446663069,87.284133837021,82.3585626911315,91.7047784542129,NA,NA,NA,NA,NA,NA,NA,NA,NA,NA,NA,NA,49.1296659971837,0,0,0,0,31.42857143,5.714285714,230,NA,NA,NA,NA,NA,0.219303423848879,0,NA,NA,NA,NA,31.4285714285714,NA,NA,0,0,0,45.7142857142857,0.738832896207976,7741,27.9429433270123,NA,NA,NA,NA,NA,NA,NA,NA,NA,NA,NA,NA,NA,NA,NA,NA,NA,NA,NA,NA,NA,NA,NA,NA,NA,NA,NA,NA,NA,NA,NA,NA,NA,NA
"16",2020,5599,NA,NA,NA,NA,NA,NA,NA,NA,109.279257763929,NA,NA,NA,NA,NA,NA,NA,NA,NA,NA,NA,NA,49.1177422652576,NA,NA,NA,NA,NA,NA,NA,NA,NA,NA,NA,NA,NA,NA,NA,NA,NA,NA,NA,NA,NA,NA,NA,NA,NA,NA,NA,NA,NA,NA,NA,NA,NA,NA,NA,NA,NA,NA,NA,NA,NA,NA,NA,NA,NA,NA,NA,NA,NA,NA,NA,NA,NA,NA,NA,NA,NA,NA,NA,NA,NA,NA
"16",2021,5065.17,7,NA,NA,NA,NA,NA,NA,NA,136.453165088893,119.7,139.55,115.3,136.54,62.1,64.3,63.22,59.9,141.84,142.6,139.32,140,49.8886857202212,NA,NA,NA,NA,NA,NA,NA,NA,NA,NA,NA,NA,NA,NA,NA,NA,NA,NA,NA,NA,NA,NA,NA,NA,NA,NA,NA,NA,0.00165015050815107,0.000306048104362268,0.00027577575835045,0.000319459898607001,95,235239,14.7504730083022,15.3130805266134,0.00549957393251759,0.000550911730110249,0.000469991311346082,61,0.000559767179446389,97773,20.6461551757643,21.3515172900494,0.0109928348639832,0.000973955592230244,0.00108081832172229,0.0011408389978,57,52069,NA,NA,20.3554986652327,19.1836649445928,0.0123791686124894,451,0.00154067227355424,0.00188806298089382,0.00191994457778726,235239,11.7062948745744,11.5716792283592
"13",2015,4496,NA,NA,NA,0.8,NA,NA,NA,NA,NA,NA,NA,NA,NA,NA,NA,NA,NA,NA,NA,NA,NA,NA,NA,NA,NA,NA,NA,NA,NA,NA,NA,NA,NA,NA,NA,NA,NA,NA,NA,NA,NA,NA,NA,NA,NA,NA,NA,NA,NA,NA,NA,NA,NA,NA,NA,NA,NA,NA,NA,NA,NA,NA,NA,NA,NA,NA,NA,NA,NA,NA,NA,NA,NA,NA,NA,NA,NA,NA,NA,NA,NA,NA,NA,NA
"13",2016,4129,NA,NA,NA,0.87,NA,NA,NA,NA,NA,NA,NA,NA,NA,NA,NA,NA,NA,NA,NA,NA,NA,NA,NA,NA,NA,NA,NA,NA,NA,NA,NA,NA,NA,NA,NA,NA,NA,NA,NA,NA,NA,NA,NA,NA,NA,NA,NA,NA,NA,NA,NA,NA,NA,NA,NA,NA,NA,NA,NA,NA,NA,NA,NA,NA,NA,NA,NA,NA,NA,NA,NA,NA,NA,NA,NA,NA,NA,NA,NA,NA,NA,NA,NA,NA
"13",2017,3776,NA,NA,NA,0.93,0.791018579030903,0.720306227243021,NA,NA,NA,NA,NA,NA,NA,NA,NA,NA,NA,NA,NA,NA,NA,NA,NA,NA,NA,NA,NA,NA,NA,NA,NA,NA,NA,NA,NA,NA,NA,NA,NA,NA,NA,NA,NA,NA,NA,NA,NA,NA,NA,NA,NA,NA,NA,NA,NA,NA,NA,NA,NA,NA,NA,NA,NA,NA,NA,NA,NA,NA,NA,NA,NA,NA,NA,NA,NA,NA,NA,NA,NA,NA,NA,NA,NA,NA
"13",2018,3875,NA,NA,NA,0.77,0.802662942271881,0.71901303538175,NA,NA,NA,NA,NA,NA,NA,NA,NA,NA,NA,NA,NA,NA,NA,NA,NA,NA,NA,NA,NA,NA,NA,NA,NA,NA,NA,NA,NA,NA,NA,NA,NA,NA,NA,NA,NA,NA,NA,NA,NA,NA,NA,NA,NA,NA,NA,NA,NA,NA,NA,NA,NA,NA,NA,NA,NA,NA,NA,NA,NA,NA,NA,NA,NA,NA,NA,NA,NA,NA,NA,NA,NA,NA,NA,NA,NA,NA
"13",2019,4230,12.5,56458,0.623810839180156,0.93,0.820203515263645,0.722941720629047,91.422756706753,87.1803885291397,116.705129208945,NA,NA,NA,NA,NA,NA,NA,NA,NA,NA,NA,NA,58.8415078622516,32.45250226,1.395091744,1.716792954,25.08318841,82.85714286,65.71428571,9440,NA,NA,NA,NA,NA,0.219303423848879,40.2456462222077,NA,NA,NA,NA,82.8571428571429,NA,3,1.57700397290541,67.7346983284748,2.40554224233738,91.4285714285714,1.23037306657012,4860,61.0822083112932,NA,NA,NA,NA,NA,NA,NA,NA,NA,NA,NA,NA,NA,NA,NA,NA,NA,NA,NA,NA,NA,NA,NA,NA,NA,NA,NA,NA,NA,NA,NA,NA,NA,NA
"13",2020,4424,NA,NA,NA,NA,NA,NA,NA,NA,129.950080551758,NA,NA,NA,NA,NA,NA,NA,NA,NA,NA,NA,NA,57.6844498081493,NA,NA,NA,NA,NA,NA,NA,NA,NA,NA,NA,NA,NA,NA,NA,NA,NA,NA,NA,NA,NA,NA,NA,NA,NA,NA,NA,NA,NA,NA,NA,NA,NA,NA,NA,NA,NA,NA,NA,NA,NA,NA,NA,NA,NA,NA,NA,NA,NA,NA,NA,NA,NA,NA,NA,NA,NA,NA,NA,NA,NA,NA
"13",2021,4354,4.5,NA,NA,NA,NA,NA,NA,NA,173.46052969448,18.6,26.35,17.88,24.9,3.1,3.9,4.04,3.06,26.74,28.1,17.62,17.8,60.4302383776861,NA,NA,NA,NA,NA,NA,NA,NA,NA,NA,NA,NA,NA,NA,NA,NA,NA,NA,NA,NA,NA,NA,NA,NA,NA,NA,NA,NA,0.0018914389716758,0.000330471466587006,0.000477573698530518,0.000319943806601734,45,135041,6.04181137580438,6.39321909642257,0.0125389303534877,0.000808247565581565,0.000877839269448261,35,0.000776893534152947,58197,7.16879358042511,7.02504338711617,0.0602685188662411,0.0024741028003906,0.00178980522722732,0.00184393467378297,45,28512,NA,NA,6.62095608866442,6.23619879349046,0.0165904716693958,339,0.00271249153118449,0.00251844805475494,0.00243791713416769,135041,4.53991032353137,4.78042409342348
"17",2015,5204,NA,NA,NA,4.71,NA,NA,NA,NA,NA,NA,NA,NA,NA,NA,NA,NA,NA,NA,NA,NA,NA,NA,NA,NA,NA,NA,NA,NA,NA,NA,NA,NA,NA,NA,NA,NA,NA,NA,NA,NA,NA,NA,NA,NA,NA,NA,NA,NA,NA,NA,NA,NA,NA,NA,NA,NA,NA,NA,NA,NA,NA,NA,NA,NA,NA,NA,NA,NA,NA,NA,NA,NA,NA,NA,NA,NA,NA,NA,NA,NA,NA,NA,NA,NA
"17",2016,4673,NA,NA,NA,4.23,NA,NA,NA,NA,NA,NA,NA,NA,NA,NA,NA,NA,NA,NA,NA,NA,NA,NA,NA,NA,NA,NA,NA,NA,NA,NA,NA,NA,NA,NA,NA,NA,NA,NA,NA,NA,NA,NA,NA,NA,NA,NA,NA,NA,NA,NA,NA,NA,NA,NA,NA,NA,NA,NA,NA,NA,NA,NA,NA,NA,NA,NA,NA,NA,NA,NA,NA,NA,NA,NA,NA,NA,NA,NA,NA,NA,NA,NA,NA,NA
"17",2017,4096,NA,NA,NA,3.74,0.929719123818003,0.841729940065458,NA,NA,NA,NA,NA,NA,NA,NA,NA,NA,NA,NA,NA,NA,NA,NA,NA,NA,NA,NA,NA,NA,NA,NA,NA,NA,NA,NA,NA,NA,NA,NA,NA,NA,NA,NA,NA,NA,NA,NA,NA,NA,NA,NA,NA,NA,NA,NA,NA,NA,NA,NA,NA,NA,NA,NA,NA,NA,NA,NA,NA,NA,NA,NA,NA,NA,NA,NA,NA,NA,NA,NA,NA,NA,NA,NA,NA,NA
"17",2018,4210,NA,NA,NA,3.59,0.936844121332067,0.850752938735446,NA,NA,NA,NA,NA,NA,NA,NA,NA,NA,NA,NA,NA,NA,NA,NA,NA,NA,NA,NA,NA,NA,NA,NA,NA,NA,NA,NA,NA,NA,NA,NA,NA,NA,NA,NA,NA,NA,NA,NA,NA,NA,NA,NA,NA,NA,NA,NA,NA,NA,NA,NA,NA,NA,NA,NA,NA,NA,NA,NA,NA,NA,NA,NA,NA,NA,NA,NA,NA,NA,NA,NA,NA,NA,NA,NA,NA,NA
"17",2019,4625,17,206699,0.815072004290288,3.5,0.946150796427155,0.859426137114516,97.4945000272083,96.473798362835,133.015977207264,NA,NA,NA,NA,NA,NA,NA,NA,NA,NA,NA,NA,100,0,0.048437004,0,0.870877846,31.42857143,11.42857143,NA,NA,NA,NA,NA,NA,0.219303423848879,2.77567964384288,NA,NA,NA,NA,37.1428571428571,NA,NA,0.108763512000399,0,0,45.7142857142857,1.20116370309789,27312,59.1129352091267,NA,NA,NA,NA,NA,NA,NA,NA,NA,NA,NA,NA,NA,NA,NA,NA,NA,NA,NA,NA,NA,NA,NA,NA,NA,NA,NA,NA,NA,NA,NA,NA,NA,NA
"17",2020,4328,NA,NA,NA,NA,NA,NA,NA,NA,165.245171263476,NA,NA,NA,NA,NA,NA,NA,NA,NA,NA,NA,NA,100,NA,NA,NA,NA,NA,NA,NA,NA,NA,NA,NA,NA,NA,NA,NA,NA,NA,NA,NA,NA,NA,NA,NA,NA,NA,NA,NA,NA,NA,NA,NA,NA,NA,NA,NA,NA,NA,NA,NA,NA,NA,NA,NA,NA,NA,NA,NA,NA,NA,NA,NA,NA,NA,NA,NA,NA,NA,NA,NA,NA,NA,NA
"17",2021,3545,8,NA,NA,NA,NA,NA,NA,NA,195.097740183415,42,60.4,44.9,77.62,10,10.05,9.88,9.42,52.3,48.25,39.8,41.3,100,NA,NA,NA,NA,NA,NA,NA,NA,NA,NA,NA,NA,NA,NA,NA,NA,NA,NA,NA,NA,NA,NA,NA,NA,NA,NA,NA,NA,0.00293808565175238,0.000566424638788859,0.000554769034713091,0.000677962051276591,278,395134,6.49453081739359,6.49000440356942,0.0082875596720777,0.000504279634487453,0.000712126064437752,97,0.000684370408428423,153071,8.9557351163839,9.09060958640108,0.010269887522932,0.00201216422097807,0.0014784587356214,0.00195679479453427,160,112621,NA,NA,7.42433808969908,7.43398922048286,0.0149631800442799,496,0.00203683380192387,0.00136419539857741,0.00193614026812875,395134,5.83989955306301,6.03816249677325
"1",2015,4940,NA,NA,NA,7.03,NA,NA,NA,NA,NA,NA,NA,NA,NA,NA,NA,NA,NA,NA,NA,NA,NA,NA,NA,NA,NA,NA,NA,NA,NA,NA,NA,NA,NA,NA,NA,NA,NA,NA,NA,NA,NA,NA,NA,NA,NA,NA,NA,NA,NA,NA,NA,NA,NA,NA,NA,NA,NA,NA,NA,NA,NA,NA,NA,NA,NA,NA,NA,NA,NA,NA,NA,NA,NA,NA,NA,NA,NA,NA,NA,NA,NA,NA,NA,NA
"1",2016,4593,NA,NA,NA,7.26,NA,NA,NA,NA,NA,NA,NA,NA,NA,NA,NA,NA,NA,NA,NA,NA,NA,NA,NA,NA,NA,NA,NA,NA,NA,NA,NA,NA,NA,NA,NA,NA,NA,NA,NA,NA,NA,NA,NA,NA,NA,NA,NA,NA,NA,NA,NA,NA,NA,NA,NA,NA,NA,NA,NA,NA,NA,NA,NA,NA,NA,NA,NA,NA,NA,NA,NA,NA,NA,NA,NA,NA,NA,NA,NA,NA,NA,NA,NA,NA
"1",2017,4238,NA,NA,NA,7.15,0.885018132036177,0.80911116613023,NA,NA,NA,NA,NA,NA,NA,NA,NA,NA,NA,NA,NA,NA,NA,NA,NA,NA,NA,NA,NA,NA,NA,NA,NA,NA,NA,NA,NA,NA,NA,NA,NA,NA,NA,NA,NA,NA,NA,NA,NA,NA,NA,NA,NA,NA,NA,NA,NA,NA,NA,NA,NA,NA,NA,NA,NA,NA,NA,NA,NA,NA,NA,NA,NA,NA,NA,NA,NA,NA,NA,NA,NA,NA,NA,NA,NA,NA
"1",2018,4088,NA,NA,NA,6.84,0.896754740707927,0.815516083396448,NA,NA,NA,NA,NA,NA,NA,NA,NA,NA,NA,NA,NA,NA,NA,NA,NA,NA,NA,NA,NA,NA,NA,NA,NA,NA,NA,NA,NA,NA,NA,NA,NA,NA,NA,NA,NA,NA,NA,NA,NA,NA,NA,NA,NA,NA,NA,NA,NA,NA,NA,NA,NA,NA,NA,NA,NA,NA,NA,NA,NA,NA,NA,NA,NA,NA,NA,NA,NA,NA,NA,NA,NA,NA,NA,NA,NA,NA
"1",2019,5185,13.5,97398,0.814153522080397,6.51,0.915082580243066,0.826312360123516,95.6995948893736,93.5692229241622,140.053851833458,NA,NA,NA,NA,NA,NA,NA,NA,NA,NA,NA,NA,79.6469101589854,26.78815802,1.541943527,1.417139442,27.7235244,71.42857143,74.28571429,NA,NA,NA,NA,NA,NA,0.219303423848879,29.7602362314505,NA,NA,NA,NA,71.4285714285714,NA,NA,1.1661388293401,40.2182338428627,1.42831758033442,82.8571428571429,1.30265578567855,9684,65.9554543382734,NA,NA,NA,NA,NA,NA,NA,NA,NA,NA,NA,NA,NA,NA,NA,NA,NA,NA,NA,NA,NA,NA,NA,NA,NA,NA,NA,NA,NA,NA,NA,NA,NA,NA
"1",2020,4635,NA,NA,NA,NA,NA,NA,NA,NA,159.450567721461,NA,NA,NA,NA,NA,NA,NA,NA,NA,NA,NA,NA,78.0704304095714,NA,NA,NA,NA,NA,NA,NA,NA,NA,NA,NA,NA,NA,NA,NA,NA,NA,NA,NA,NA,NA,NA,NA,NA,NA,NA,NA,NA,NA,NA,NA,NA,NA,NA,NA,NA,NA,NA,NA,NA,NA,NA,NA,NA,NA,NA,NA,NA,NA,NA,NA,NA,NA,NA,NA,NA,NA,NA,NA,NA,NA,NA
"1",2021,4009,7.5,NA,NA,NA,NA,NA,NA,NA,198.334756613907,28.2,58.6,32.18,65.31,2.95,3.2,3.2,2.73333333333333,31.96,26.9,17.88,14,79.8612519903456,NA,NA,NA,NA,NA,NA,NA,NA,NA,NA,NA,NA,NA,NA,NA,NA,NA,NA,NA,NA,NA,NA,NA,NA,NA,NA,NA,NA,0.00261310796111972,0.000589361348762752,0.00058177704867317,0.000524108273231355,94,157613,3.35396540894469,3.52448877947885,0.0185923661770778,0.000896486203589837,0.000734630251116769,51,0.000662972527136567,69494,4.34464097619938,4.43659308717299,0.0374807484813112,0.00214282760264924,0.0025391801759994,0.00165621395218457,50,28632,NA,NA,4.35752898854429,4.58565590947192,0.0286029364704326,329,0.00213499500522399,0.00239503155983378,0.00163196937069481,157613,2.70865252231732,2.92882566793348
"7",2015,4426,NA,NA,NA,1.85,NA,NA,NA,NA,NA,NA,NA,NA,NA,NA,NA,NA,NA,NA,NA,NA,NA,NA,NA,NA,NA,NA,NA,NA,NA,NA,NA,NA,NA,NA,NA,NA,NA,NA,NA,NA,NA,NA,NA,NA,NA,NA,NA,NA,NA,NA,NA,NA,NA,NA,NA,NA,NA,NA,NA,NA,NA,NA,NA,NA,NA,NA,NA,NA,NA,NA,NA,NA,NA,NA,NA,NA,NA,NA,NA,NA,NA,NA,NA,NA
"7",2016,3731,NA,NA,NA,1.77666666666667,NA,NA,NA,NA,NA,NA,NA,NA,NA,NA,NA,NA,NA,NA,NA,NA,NA,NA,NA,NA,NA,NA,NA,NA,NA,NA,NA,NA,NA,NA,NA,NA,NA,NA,NA,NA,NA,NA,NA,NA,NA,NA,NA,NA,NA,NA,NA,NA,NA,NA,NA,NA,NA,NA,NA,NA,NA,NA,NA,NA,NA,NA,NA,NA,NA,NA,NA,NA,NA,NA,NA,NA,NA,NA,NA,NA,NA,NA,NA,NA
"7",2017,3688.5,NA,NA,NA,1.87333333333333,0.860907568872171,0.788030991570815,NA,NA,NA,NA,NA,NA,NA,NA,NA,NA,NA,NA,NA,NA,NA,NA,NA,NA,NA,NA,NA,NA,NA,NA,NA,NA,NA,NA,NA,NA,NA,NA,NA,NA,NA,NA,NA,NA,NA,NA,NA,NA,NA,NA,NA,NA,NA,NA,NA,NA,NA,NA,NA,NA,NA,NA,NA,NA,NA,NA,NA,NA,NA,NA,NA,NA,NA,NA,NA,NA,NA,NA,NA,NA,NA,NA,NA,NA
"7",2018,3668,NA,NA,NA,1.69666666666667,0.883686770011837,0.797549949373226,NA,NA,NA,NA,NA,NA,NA,NA,NA,NA,NA,NA,NA,NA,NA,NA,NA,NA,NA,NA,NA,NA,NA,NA,NA,NA,NA,NA,NA,NA,NA,NA,NA,NA,NA,NA,NA,NA,NA,NA,NA,NA,NA,NA,NA,NA,NA,NA,NA,NA,NA,NA,NA,NA,NA,NA,NA,NA,NA,NA,NA,NA,NA,NA,NA,NA,NA,NA,NA,NA,NA,NA,NA,NA,NA,NA,NA,NA
"7",2019,4332,13,178911,0.67656045560085,1.73333333333333,0.894821187584345,0.80088141025641,94.3073830409357,91.7685841205578,145.586191555956,NA,NA,NA,NA,NA,NA,NA,NA,NA,NA,NA,NA,85.3441162783869,0.600718036,0.083425551,0.031779013,1.499957857,37.14285714,20,6143,NA,NA,NA,NA,NA,0.219303423848879,23.559912319732,NA,NA,NA,NA,60,NA,8,0.923182476046781,8.81761242188914,0.31315027129155,60,0.960569340164406,20177,42.8922459802024,NA,NA,NA,NA,NA,NA,NA,NA,NA,NA,NA,NA,NA,NA,NA,NA,NA,NA,NA,NA,NA,NA,NA,NA,NA,NA,NA,NA,NA,NA,NA,NA,NA,NA
"7",2020,4410,NA,NA,NA,NA,NA,NA,NA,NA,166.862848479782,NA,NA,NA,NA,NA,NA,NA,NA,NA,NA,NA,NA,84.1369495055121,NA,NA,NA,NA,NA,NA,NA,NA,NA,NA,NA,NA,NA,NA,NA,NA,NA,NA,NA,NA,NA,NA,NA,NA,NA,NA,NA,NA,NA,NA,NA,NA,NA,NA,NA,NA,NA,NA,NA,NA,NA,NA,NA,NA,NA,NA,NA,NA,NA,NA,NA,NA,NA,NA,NA,NA,NA,NA,NA,NA,NA,NA
"7",2021,4376.33,9,NA,NA,NA,NA,NA,NA,NA,196.389962190705,31.4,38.35,30.06,45.57,9.1,9.45,9.16,8.42,72.58,75.85,35.58,38.3,84.4322939063424,NA,NA,NA,NA,NA,NA,NA,NA,NA,NA,NA,NA,NA,NA,NA,NA,NA,NA,NA,NA,NA,NA,NA,NA,NA,NA,NA,NA,0.00152607936050376,0.000367127020848408,0.00034603879568499,0.000393521445071808,205,389794,9.12006831813727,9.12762356526781,0.035523718268508,0.00078891885087863,0.000840629252643029,131,0.000907984813260252,164627,13.0679344214497,13.340031708043,0.0746051587977663,0.00315215403110894,0.00240883117494476,0.00272839716058226,167,91322,NA,NA,9.86209325244738,10.0652444098903,0.0531881840101166,627,0.00294370572147814,0.00215441709727612,0.00245434785809903,389794,7.9843129704408,8.19195741853389
"11",2015,5311.5,NA,NA,NA,5.15,NA,NA,NA,NA,NA,NA,NA,NA,NA,NA,NA,NA,NA,NA,NA,NA,NA,NA,NA,NA,NA,NA,NA,NA,NA,NA,NA,NA,NA,NA,NA,NA,NA,NA,NA,NA,NA,NA,NA,NA,NA,NA,NA,NA,NA,NA,NA,NA,NA,NA,NA,NA,NA,NA,NA,NA,NA,NA,NA,NA,NA,NA,NA,NA,NA,NA,NA,NA,NA,NA,NA,NA,NA,NA,NA,NA,NA,NA,NA,NA
"11",2016,4478.5,NA,NA,NA,4.575,NA,NA,NA,NA,NA,NA,NA,NA,NA,NA,NA,NA,NA,NA,NA,NA,NA,NA,NA,NA,NA,NA,NA,NA,NA,NA,NA,NA,NA,NA,NA,NA,NA,NA,NA,NA,NA,NA,NA,NA,NA,NA,NA,NA,NA,NA,NA,NA,NA,NA,NA,NA,NA,NA,NA,NA,NA,NA,NA,NA,NA,NA,NA,NA,NA,NA,NA,NA,NA,NA,NA,NA,NA,NA,NA,NA,NA,NA,NA,NA
"11",2017,4024.5,NA,NA,NA,4.495,0.618978882651697,0.488425554664528,NA,NA,NA,NA,NA,NA,NA,NA,NA,NA,NA,NA,NA,NA,NA,NA,NA,NA,NA,NA,NA,NA,NA,NA,NA,NA,NA,NA,NA,NA,NA,NA,NA,NA,NA,NA,NA,NA,NA,NA,NA,NA,NA,NA,NA,NA,NA,NA,NA,NA,NA,NA,NA,NA,NA,NA,NA,NA,NA,NA,NA,NA,NA,NA,NA,NA,NA,NA,NA,NA,NA,NA,NA,NA,NA,NA,NA,NA
"11",2018,4265,NA,NA,NA,3.66,0.645536869340233,0.464693833548944,NA,NA,NA,NA,NA,NA,NA,NA,NA,NA,NA,NA,NA,NA,NA,NA,NA,NA,NA,NA,NA,NA,NA,NA,NA,NA,NA,NA,NA,NA,NA,NA,NA,NA,NA,NA,NA,NA,NA,NA,NA,NA,NA,NA,NA,NA,NA,NA,NA,NA,NA,NA,NA,NA,NA,NA,NA,NA,NA,NA,NA,NA,NA,NA,NA,NA,NA,NA,NA,NA,NA,NA,NA,NA,NA,NA,NA,NA
"11",2019,5370,9,14651,0.454844618298097,3.735,0.695362100505757,0.463520929732056,81.4645432045626,74.7767136554396,27.5994724302943,NA,NA,NA,NA,NA,NA,NA,NA,NA,NA,NA,NA,9.50002355495188,1.355000075,0.225044927,0.071681825,4.046217265,42.85714286,28.57142857,7759,NA,NA,NA,NA,NA,0.219303423848879,0,NA,NA,NA,NA,31.4285714285714,NA,NA,0,0,0,45.7142857142857,0.549163129856996,1027,15.1555517248552,NA,NA,NA,NA,NA,NA,NA,NA,NA,NA,NA,NA,NA,NA,NA,NA,NA,NA,NA,NA,NA,NA,NA,NA,NA,NA,NA,NA,NA,NA,NA,NA,NA,NA
"11",2020,4178.5,NA,NA,NA,NA,NA,NA,NA,NA,76.5163615284872,NA,NA,NA,NA,NA,NA,NA,NA,NA,NA,NA,NA,17.0612608675412,NA,NA,NA,NA,NA,NA,NA,NA,NA,NA,NA,NA,NA,NA,NA,NA,NA,NA,NA,NA,NA,NA,NA,NA,NA,NA,NA,NA,NA,NA,NA,NA,NA,NA,NA,NA,NA,NA,NA,NA,NA,NA,NA,NA,NA,NA,NA,NA,NA,NA,NA,NA,NA,NA,NA,NA,NA,NA,NA,NA,NA,NA
"11",2021,3745.5,4,NA,NA,NA,NA,NA,NA,NA,120.88835925117,98,98.7,80.4,91.01,14.9,21.65,20.45,16.3,110.727272727273,107.9,98.06,97.2,21.278518096317,NA,NA,NA,NA,NA,NA,NA,NA,NA,NA,NA,NA,NA,NA,NA,NA,NA,NA,NA,NA,NA,NA,NA,NA,NA,NA,NA,NA,0.000716045107402155,0.000314197226087347,0.000317632678846654,0.000316176939548418,18,44558,25.4136603976839,26.1661329054266,0.00128856183335554,0.000364564345607,0.000371341193313316,11,0.000366077188694342,19201,29.4625139315661,30.3549033904484,0.00271975475116196,0.00061331013799765,0.000970036645828842,0.000976834087682335,9,9278,NA,NA,31.0118473809011,32.473248544945,0.00371467878568302,74,0.0013682923152914,0.00166075676646169,0.0016675525806577,44558,13.7913595762826,13.9714978230621
"2",2015,5776.4,NA,NA,NA,0.758333333333333,NA,NA,NA,NA,NA,NA,NA,NA,NA,NA,NA,NA,NA,NA,NA,NA,NA,NA,NA,NA,NA,NA,NA,NA,NA,NA,NA,NA,NA,NA,NA,NA,NA,NA,NA,NA,NA,NA,NA,NA,NA,NA,NA,NA,NA,NA,NA,NA,NA,NA,NA,NA,NA,NA,NA,NA,NA,NA,NA,NA,NA,NA,NA,NA,NA,NA,NA,NA,NA,NA,NA,NA,NA,NA,NA,NA,NA,NA,NA,NA
"2",2016,5444.4,NA,NA,NA,0.733333333333333,NA,NA,NA,NA,NA,NA,NA,NA,NA,NA,NA,NA,NA,NA,NA,NA,NA,NA,NA,NA,NA,NA,NA,NA,NA,NA,NA,NA,NA,NA,NA,NA,NA,NA,NA,NA,NA,NA,NA,NA,NA,NA,NA,NA,NA,NA,NA,NA,NA,NA,NA,NA,NA,NA,NA,NA,NA,NA,NA,NA,NA,NA,NA,NA,NA,NA,NA,NA,NA,NA,NA,NA,NA,NA,NA,NA,NA,NA,NA,NA
"2",2017,4853.4,NA,NA,NA,0.598333333333333,0.76092415186004,0.662654548431999,NA,NA,NA,NA,NA,NA,NA,NA,NA,NA,NA,NA,NA,NA,NA,NA,NA,NA,NA,NA,NA,NA,NA,NA,NA,NA,NA,NA,NA,NA,NA,NA,NA,NA,NA,NA,NA,NA,NA,NA,NA,NA,NA,NA,NA,NA,NA,NA,NA,NA,NA,NA,NA,NA,NA,NA,NA,NA,NA,NA,NA,NA,NA,NA,NA,NA,NA,NA,NA,NA,NA,NA,NA,NA,NA,NA,NA,NA
"2",2018,4821.6,NA,NA,NA,0.576666666666667,0.778917872007253,0.673411079518139,NA,NA,NA,NA,NA,NA,NA,NA,NA,NA,NA,NA,NA,NA,NA,NA,NA,NA,NA,NA,NA,NA,NA,NA,NA,NA,NA,NA,NA,NA,NA,NA,NA,NA,NA,NA,NA,NA,NA,NA,NA,NA,NA,NA,NA,NA,NA,NA,NA,NA,NA,NA,NA,NA,NA,NA,NA,NA,NA,NA,NA,NA,NA,NA,NA,NA,NA,NA,NA,NA,NA,NA,NA,NA,NA,NA,NA,NA
"2",2019,4948.5,19.5,79432,0.619845803289946,0.511666666666667,0.808926925246632,0.686470644890546,89.1756903644794,83.8316432532093,103.135927762763,NA,NA,NA,NA,NA,NA,NA,NA,NA,NA,NA,NA,59.1663942839683,0,0.092216531,0,1.658016128,31.42857143,22.85714286,144,NA,NA,NA,NA,NA,0.219303423848879,3.14081399734035,NA,NA,NA,NA,45.7142857142857,NA,NA,0.123071104998918,0,0,45.7142857142857,0.631182955107611,7069,20.6852660530698,NA,NA,NA,NA,NA,NA,NA,NA,NA,NA,NA,NA,NA,NA,NA,NA,NA,NA,NA,NA,NA,NA,NA,NA,NA,NA,NA,NA,NA,NA,NA,NA,NA,NA
"2",2020,4777.67,NA,NA,NA,NA,NA,NA,NA,NA,119.603659092472,NA,NA,NA,NA,NA,NA,NA,NA,NA,NA,NA,NA,58.534896424671,NA,NA,NA,NA,NA,NA,NA,NA,NA,NA,NA,NA,NA,NA,NA,NA,NA,NA,NA,NA,NA,NA,NA,NA,NA,NA,NA,NA,NA,NA,NA,NA,NA,NA,NA,NA,NA,NA,NA,NA,NA,NA,NA,NA,NA,NA,NA,NA,NA,NA,NA,NA,NA,NA,NA,NA,NA,NA,NA,NA,NA,NA
"2",2021,4929.33,10,NA,NA,NA,NA,NA,NA,NA,159.376902568559,57.9,93.4,62.86,83.47,17.1,25.35,23.44,18.66,170.38,200.7,126.98,101.6,61.7393276723465,NA,NA,NA,NA,NA,NA,NA,NA,NA,NA,NA,NA,NA,NA,NA,NA,NA,NA,NA,NA,NA,NA,NA,NA,NA,NA,NA,NA,0.00139646566731344,0.000321365891295872,0.000284795002955146,0.000339572225333205,84,178348,14.9473722161168,16.1262038262274,0.0220126354635646,0.000898438756489207,0.00077755849276977,50,0.000936152385264401,78579,16.2313493426997,16.6959327555708,0.0250705089336416,0.00185582174991615,0.00178423768230055,0.00190954873265693,46,35277,NA,NA,14.442042690705,14.081662272869,0.0179311233233436,520,0.00312153368628708,0.00321453333778269,0.00338938357371632,178348,8.55232584609864,8.88272114069123
"20",2015,5824,NA,NA,NA,2.48,NA,NA,NA,NA,NA,NA,NA,NA,NA,NA,NA,NA,NA,NA,NA,NA,NA,NA,NA,NA,NA,NA,NA,NA,NA,NA,NA,NA,NA,NA,NA,NA,NA,NA,NA,NA,NA,NA,NA,NA,NA,NA,NA,NA,NA,NA,NA,NA,NA,NA,NA,NA,NA,NA,NA,NA,NA,NA,NA,NA,NA,NA,NA,NA,NA,NA,NA,NA,NA,NA,NA,NA,NA,NA,NA,NA,NA,NA,NA,NA
"20",2016,5206,NA,NA,NA,2.17,NA,NA,NA,NA,NA,NA,NA,NA,NA,NA,NA,NA,NA,NA,NA,NA,NA,NA,NA,NA,NA,NA,NA,NA,NA,NA,NA,NA,NA,NA,NA,NA,NA,NA,NA,NA,NA,NA,NA,NA,NA,NA,NA,NA,NA,NA,NA,NA,NA,NA,NA,NA,NA,NA,NA,NA,NA,NA,NA,NA,NA,NA,NA,NA,NA,NA,NA,NA,NA,NA,NA,NA,NA,NA,NA,NA,NA,NA,NA,NA
"20",2017,4346,NA,NA,NA,2.05,0.789304175406022,0.628522963013903,NA,NA,NA,NA,NA,NA,NA,NA,NA,NA,NA,NA,NA,NA,NA,NA,NA,NA,NA,NA,NA,NA,NA,NA,NA,NA,NA,NA,NA,NA,NA,NA,NA,NA,NA,NA,NA,NA,NA,NA,NA,NA,NA,NA,NA,NA,NA,NA,NA,NA,NA,NA,NA,NA,NA,NA,NA,NA,NA,NA,NA,NA,NA,NA,NA,NA,NA,NA,NA,NA,NA,NA,NA,NA,NA,NA,NA,NA
"20",2018,4626,NA,NA,NA,2.22,0.813578356304237,0.632715104078044,NA,NA,NA,NA,NA,NA,NA,NA,NA,NA,NA,NA,NA,NA,NA,NA,NA,NA,NA,NA,NA,NA,NA,NA,NA,NA,NA,NA,NA,NA,NA,NA,NA,NA,NA,NA,NA,NA,NA,NA,NA,NA,NA,NA,NA,NA,NA,NA,NA,NA,NA,NA,NA,NA,NA,NA,NA,NA,NA,NA,NA,NA,NA,NA,NA,NA,NA,NA,NA,NA,NA,NA,NA,NA,NA,NA,NA,NA
"20",2019,5709,9,95360,0.623961264149709,2,0.833848313017102,0.644641381730105,91.0099260919267,87.1617262571729,122.407838760198,NA,NA,NA,NA,NA,NA,NA,NA,NA,NA,NA,NA,50.61603184825,74.41982449,1.42548358,3.93693618,25.6296214,97.14285714,68.57142857,61024,NA,NA,NA,NA,NA,0.210145914691369,53.3898755390526,NA,NA,NA,NA,94.2857142857143,NA,284,2.09205351985506,100,3.55141796110447,100,1.2232272513421,8554,60.6004428755292,NA,NA,NA,NA,NA,NA,NA,NA,NA,NA,NA,NA,NA,NA,NA,NA,NA,NA,NA,NA,NA,NA,NA,NA,NA,NA,NA,NA,NA,NA,NA,NA,NA,NA
"20",2020,5638,NA,NA,NA,NA,NA,NA,NA,NA,134.906541523541,NA,NA,NA,NA,NA,NA,NA,NA,NA,NA,NA,NA,48.9439821282506,NA,NA,NA,NA,NA,NA,NA,NA,NA,NA,NA,NA,NA,NA,NA,NA,NA,NA,NA,NA,NA,NA,NA,NA,NA,NA,NA,NA,NA,NA,NA,NA,NA,NA,NA,NA,NA,NA,NA,NA,NA,NA,NA,NA,NA,NA,NA,NA,NA,NA,NA,NA,NA,NA,NA,NA,NA,NA,NA,NA,NA,NA
"20",2021,5148,3,NA,NA,NA,NA,NA,NA,NA,174.447698000399,9,13.3,9.16,14.33,2.4,3.1,3.06363636363636,2.44,22.01,23.5,13.88,15.9,51.4882947912408,NA,NA,NA,NA,NA,NA,NA,NA,NA,NA,NA,NA,NA,NA,NA,NA,NA,NA,NA,NA,NA,NA,NA,NA,NA,NA,NA,NA,0.00179881295869098,0.000430875462043096,0.000427652565129823,0.000367503576563407,68,244601,4.22060077432226,4.45574711468882,0.0173754229019285,0.00101958918537775,0.000799783920233775,141,0.000851197411142573,96371,5.36657272415976,5.58292172956595,0.0946883589030023,0.00230119151901378,0.00331803389400112,0.00267673270832031,275,48204,NA,NA,4.75734088457389,4.840786034354,0.0265239122782941,1020,0.00245772719408766,0.00320158758674367,0.00254459464335555,244601,3.27346245518211,3.37495574425289
"32",2015,4883.8,NA,NA,NA,1.097,NA,NA,NA,NA,NA,NA,NA,NA,NA,NA,NA,NA,NA,NA,NA,NA,NA,NA,NA,NA,NA,NA,NA,NA,NA,NA,NA,NA,NA,NA,NA,NA,NA,NA,NA,NA,NA,NA,NA,NA,NA,NA,NA,NA,NA,NA,NA,NA,NA,NA,NA,NA,NA,NA,NA,NA,NA,NA,NA,NA,NA,NA,NA,NA,NA,NA,NA,NA,NA,NA,NA,NA,NA,NA,NA,NA,NA,NA,NA,NA
"32",2016,4022.7,NA,NA,NA,1.183,NA,NA,NA,NA,NA,NA,NA,NA,NA,NA,NA,NA,NA,NA,NA,NA,NA,NA,NA,NA,NA,NA,NA,NA,NA,NA,NA,NA,NA,NA,NA,NA,NA,NA,NA,NA,NA,NA,NA,NA,NA,NA,NA,NA,NA,NA,NA,NA,NA,NA,NA,NA,NA,NA,NA,NA,NA,NA,NA,NA,NA,NA,NA,NA,NA,NA,NA,NA,NA,NA,NA,NA,NA,NA,NA,NA,NA,NA,NA,NA
"32",2017,3838.1,NA,NA,NA,0.939,0.692424582549084,0.421180777399803,NA,NA,NA,NA,NA,NA,NA,NA,NA,NA,NA,NA,NA,NA,NA,NA,NA,NA,NA,NA,NA,NA,NA,NA,NA,NA,NA,NA,NA,NA,NA,NA,NA,NA,NA,NA,NA,NA,NA,NA,NA,NA,NA,NA,NA,NA,NA,NA,NA,NA,NA,NA,NA,NA,NA,NA,NA,NA,NA,NA,NA,NA,NA,NA,NA,NA,NA,NA,NA,NA,NA,NA,NA,NA,NA,NA,NA,NA
"32",2018,3699.6,NA,NA,NA,0.952,0.716948365687168,0.4320741415774,NA,NA,NA,NA,NA,NA,NA,NA,NA,NA,NA,NA,NA,NA,NA,NA,NA,NA,NA,NA,NA,NA,NA,NA,NA,NA,NA,NA,NA,NA,NA,NA,NA,NA,NA,NA,NA,NA,NA,NA,NA,NA,NA,NA,NA,NA,NA,NA,NA,NA,NA,NA,NA,NA,NA,NA,NA,NA,NA,NA,NA,NA,NA,NA,NA,NA,NA,NA,NA,NA,NA,NA,NA,NA,NA,NA,NA,NA
"32",2019,4128.2,16,57685,0.546709884090112,1.012,0.743750750596188,0.454818398613756,86.178736253367,77.8852917460154,70.6764225053427,NA,NA,NA,NA,NA,NA,NA,NA,NA,NA,NA,NA,35.5632259369834,34.704927,1.581615996,1.83595008,28.43681942,88.57142857,80,181,NA,NA,NA,NA,NA,0.219303423848879,0,NA,NA,NA,NA,31.4285714285714,NA,NA,0,0,0,45.7142857142857,0.687854590577469,3603,24.5060246770181,NA,NA,NA,NA,NA,NA,NA,NA,NA,NA,NA,NA,NA,NA,NA,NA,NA,NA,NA,NA,NA,NA,NA,NA,NA,NA,NA,NA,NA,NA,NA,NA,NA,NA
"32",2020,3850,NA,NA,NA,NA,NA,NA,NA,NA,92.6024079096002,NA,NA,NA,NA,NA,NA,NA,NA,NA,NA,NA,NA,37.2356673268982,NA,NA,NA,NA,NA,NA,NA,NA,NA,NA,NA,NA,NA,NA,NA,NA,NA,NA,NA,NA,NA,NA,NA,NA,NA,NA,NA,NA,NA,NA,NA,NA,NA,NA,NA,NA,NA,NA,NA,NA,NA,NA,NA,NA,NA,NA,NA,NA,NA,NA,NA,NA,NA,NA,NA,NA,NA,NA,NA,NA,NA,NA
"32",2021,3707.1,5.5,NA,NA,NA,NA,NA,NA,NA,123.61352230187,76.1,82.85,66.14,77.27,17.6,20.45,21.21,16.58,88.07,83.55,79.54,82.1,38.3956291688489,NA,NA,NA,NA,NA,NA,NA,NA,NA,NA,NA,NA,NA,NA,NA,NA,NA,NA,NA,NA,NA,NA,NA,NA,NA,NA,NA,NA,0.000966731225132639,0.000231785722322948,0.00018278569857692,0.000289565155403062,40,140962,21.6875107475774,21.9668197812176,0.00446189690701056,0.00046380434210752,0.000285042804984862,34,0.000524479718696638,61222,25.2289387801771,26.8640080363268,0.00473335668302891,0.000937564637763629,0.000883354599024375,0.00113083245524543,27,25974,NA,NA,26.0555944405944,28.1308731808732,0.00560502841688169,233,0.00126429761669599,0.00148264473985277,0.00173425804592092,140962,12.5737157531817,12.4937160369461
"26",2015,6889.4,NA,NA,NA,2.01,NA,NA,NA,NA,NA,NA,NA,NA,NA,NA,NA,NA,NA,NA,NA,NA,NA,NA,NA,NA,NA,NA,NA,NA,NA,NA,NA,NA,NA,NA,NA,NA,NA,NA,NA,NA,NA,NA,NA,NA,NA,NA,NA,NA,NA,NA,NA,NA,NA,NA,NA,NA,NA,NA,NA,NA,NA,NA,NA,NA,NA,NA,NA,NA,NA,NA,NA,NA,NA,NA,NA,NA,NA,NA,NA,NA,NA,NA,NA,NA
"26",2016,6117.4,NA,NA,NA,2.188,NA,NA,NA,NA,NA,NA,NA,NA,NA,NA,NA,NA,NA,NA,NA,NA,NA,NA,NA,NA,NA,NA,NA,NA,NA,NA,NA,NA,NA,NA,NA,NA,NA,NA,NA,NA,NA,NA,NA,NA,NA,NA,NA,NA,NA,NA,NA,NA,NA,NA,NA,NA,NA,NA,NA,NA,NA,NA,NA,NA,NA,NA,NA,NA,NA,NA,NA,NA,NA,NA,NA,NA,NA,NA,NA,NA,NA,NA,NA,NA
"26",2017,5417.6,NA,NA,NA,2.14,0.855011360767483,0.75023983842464,NA,NA,NA,NA,NA,NA,NA,NA,NA,NA,NA,NA,NA,NA,NA,NA,NA,NA,NA,NA,NA,NA,NA,NA,NA,NA,NA,NA,NA,NA,NA,NA,NA,NA,NA,NA,NA,NA,NA,NA,NA,NA,NA,NA,NA,NA,NA,NA,NA,NA,NA,NA,NA,NA,NA,NA,NA,NA,NA,NA,NA,NA,NA,NA,NA,NA,NA,NA,NA,NA,NA,NA,NA,NA,NA,NA,NA,NA
"26",2018,5372.2,NA,NA,NA,2.616,0.87660964668618,0.762448072569879,NA,NA,NA,NA,NA,NA,NA,NA,NA,NA,NA,NA,NA,NA,NA,NA,NA,NA,NA,NA,NA,NA,NA,NA,NA,NA,NA,NA,NA,NA,NA,NA,NA,NA,NA,NA,NA,NA,NA,NA,NA,NA,NA,NA,NA,NA,NA,NA,NA,NA,NA,NA,NA,NA,NA,NA,NA,NA,NA,NA,NA,NA,NA,NA,NA,NA,NA,NA,NA,NA,NA,NA,NA,NA,NA,NA,NA,NA
"26",2019,5664.6,14,153324,0.646007221676828,2.816,0.896275965724835,0.780437996748924,94.9453116703833,91.8478038898555,142.761876227316,NA,NA,NA,NA,NA,NA,NA,NA,NA,NA,NA,NA,81.6818098119597,12.54181851,1.574295581,0.66348368,28.30520131,54.28571429,77.14285714,99,NA,NA,NA,NA,NA,0.219303423848879,2.66429241661251,NA,NA,NA,NA,34.2857142857143,NA,NA,0.10439886348902,0,0,45.7142857142857,0.878460837862452,15671,37.3565531125327,NA,NA,NA,NA,NA,NA,NA,NA,NA,NA,NA,NA,NA,NA,NA,NA,NA,NA,NA,NA,NA,NA,NA,NA,NA,NA,NA,NA,NA,NA,NA,NA,NA,NA
"26",2020,5915.6,NA,NA,NA,NA,NA,NA,NA,NA,163.995157229089,NA,NA,NA,NA,NA,NA,NA,NA,NA,NA,NA,NA,80.5123570049099,NA,NA,NA,NA,NA,NA,NA,NA,NA,NA,NA,NA,NA,NA,NA,NA,NA,NA,NA,NA,NA,NA,NA,NA,NA,NA,NA,NA,NA,NA,NA,NA,NA,NA,NA,NA,NA,NA,NA,NA,NA,NA,NA,NA,NA,NA,NA,NA,NA,NA,NA,NA,NA,NA,NA,NA,NA,NA,NA,NA,NA,NA
"26",2021,6132.6,7,NA,NA,NA,NA,NA,NA,NA,195.042955068861,59.2,70.2,51.36,67.03,13.1,14.1,14.0090909090909,12.12,73.22,74.1,62.28,65.6,80.838158507602,NA,NA,NA,NA,NA,NA,NA,NA,NA,NA,NA,NA,NA,NA,NA,NA,NA,NA,NA,NA,NA,NA,NA,NA,NA,NA,NA,NA,0.00132122013901521,0.000317250156861762,0.00025954542073495,0.00033202229247698,160,364838,11.8205707190589,11.9632801407748,0.00211164623729143,6.54594709987408e-05,0.000258278178230042,125,8.95972090905244e-05,147379,15.3387627138195,15.5783904084028,0.0131988193803045,0.00124959537450441,0.00146511757957396,0.00157152606819601,138,91227,NA,NA,12.5287915858244,12.8553279182698,0.0144114423849767,626,0.00133672934736041,0.00170348138207187,0.00178950422508573,364838,10.2514861938723,10.3514428321611
"9",2015,8350.33,NA,NA,NA,1.605,NA,NA,NA,NA,NA,NA,NA,NA,NA,NA,NA,NA,NA,NA,NA,NA,NA,NA,NA,NA,NA,NA,NA,NA,NA,NA,NA,NA,NA,NA,NA,NA,NA,NA,NA,NA,NA,NA,NA,NA,NA,NA,NA,NA,NA,NA,NA,NA,NA,NA,NA,NA,NA,NA,NA,NA,NA,NA,NA,NA,NA,NA,NA,NA,NA,NA,NA,NA,NA,NA,NA,NA,NA,NA,NA,NA,NA,NA,NA,NA
"9",2016,7693.88,NA,NA,NA,1.74375,NA,NA,NA,NA,NA,NA,NA,NA,NA,NA,NA,NA,NA,NA,NA,NA,NA,NA,NA,NA,NA,NA,NA,NA,NA,NA,NA,NA,NA,NA,NA,NA,NA,NA,NA,NA,NA,NA,NA,NA,NA,NA,NA,NA,NA,NA,NA,NA,NA,NA,NA,NA,NA,NA,NA,NA,NA,NA,NA,NA,NA,NA,NA,NA,NA,NA,NA,NA,NA,NA,NA,NA,NA,NA,NA,NA,NA,NA,NA,NA
"9",2017,5944.38,NA,NA,NA,1.56375,0.654246859307707,0.430851158884183,NA,NA,NA,NA,NA,NA,NA,NA,NA,NA,NA,NA,NA,NA,NA,NA,NA,NA,NA,NA,NA,NA,NA,NA,NA,NA,NA,NA,NA,NA,NA,NA,NA,NA,NA,NA,NA,NA,NA,NA,NA,NA,NA,NA,NA,NA,NA,NA,NA,NA,NA,NA,NA,NA,NA,NA,NA,NA,NA,NA,NA,NA,NA,NA,NA,NA,NA,NA,NA,NA,NA,NA,NA,NA,NA,NA,NA,NA
"9",2018,5757,NA,NA,NA,1.41125,0.692625410385851,0.44697638295619,NA,NA,NA,NA,NA,NA,NA,NA,NA,NA,NA,NA,NA,NA,NA,NA,NA,NA,NA,NA,NA,NA,NA,NA,NA,NA,NA,NA,NA,NA,NA,NA,NA,NA,NA,NA,NA,NA,NA,NA,NA,NA,NA,NA,NA,NA,NA,NA,NA,NA,NA,NA,NA,NA,NA,NA,NA,NA,NA,NA,NA,NA,NA,NA,NA,NA,NA,NA,NA,NA,NA,NA,NA,NA,NA,NA,NA,NA
"9",2019,5933.5,13,51892,0.475750407979904,1.35625,0.731442515118294,0.462584432577713,84.287583548467,77.1368957102946,126.850585030784,NA,NA,NA,NA,NA,NA,NA,NA,NA,NA,NA,NA,34.0624575852801,0,0.456754048,0,8.212254065,31.42857143,34.28571429,195,NA,NA,NA,NA,NA,0.210145914691369,2.93906215022063,NA,NA,NA,NA,40,NA,8,0.115165567523085,0,0,45.7142857142857,0.70904860261305,4622,25.9349088726062,NA,NA,NA,NA,NA,NA,NA,NA,NA,NA,NA,NA,NA,NA,NA,NA,NA,NA,NA,NA,NA,NA,NA,NA,NA,NA,NA,NA,NA,NA,NA,NA,NA,NA
"9",2020,6205.25,NA,NA,NA,NA,NA,NA,NA,NA,154.979183945117,NA,NA,NA,NA,NA,NA,NA,NA,NA,NA,NA,NA,36.7183433331575,NA,NA,NA,NA,NA,NA,NA,NA,NA,NA,NA,NA,NA,NA,NA,NA,NA,NA,NA,NA,NA,NA,NA,NA,NA,NA,NA,NA,NA,NA,NA,NA,NA,NA,NA,NA,NA,NA,NA,NA,NA,NA,NA,NA,NA,NA,NA,NA,NA,NA,NA,NA,NA,NA,NA,NA,NA,NA,NA,NA,NA,NA
"9",2021,5403.12,6,NA,NA,NA,NA,NA,NA,NA,171.378879936005,43.1,59.95,42.26,55.56,24,26,25.06,23.2,81.49,78.6,63.16,71.7,34.8608645732501,NA,NA,NA,NA,NA,NA,NA,NA,NA,NA,NA,NA,NA,NA,NA,NA,NA,NA,NA,NA,NA,NA,NA,NA,NA,NA,NA,NA,0.000978659636884135,0.000221226699917826,0.000298820172222432,0.000283558782448245,37,155284,14.3373491795678,14.0689826382628,0.00729315189826341,0.000423094494422476,0.000672820456073505,41,0.000543607196874833,62723,18.34210927411,19.8120864754556,0.00621496556046891,0.0023874776234625,0.000778034851780858,0.00119657388501705,30,32891,NA,NA,16.1005004408501,16.9009090632696,0.00545396951407918,242,0.0023038905214276,0.00121497028627978,0.00162202178312783,155284,9.7484474897607,9.53825989799335
"30",2015,6465.67,NA,NA,NA,1.03333333333333,NA,NA,NA,NA,NA,NA,NA,NA,NA,NA,NA,NA,NA,NA,NA,NA,NA,NA,NA,NA,NA,NA,NA,NA,NA,NA,NA,NA,NA,NA,NA,NA,NA,NA,NA,NA,NA,NA,NA,NA,NA,NA,NA,NA,NA,NA,NA,NA,NA,NA,NA,NA,NA,NA,NA,NA,NA,NA,NA,NA,NA,NA,NA,NA,NA,NA,NA,NA,NA,NA,NA,NA,NA,NA,NA,NA,NA,NA,NA,NA
"30",2016,5886.33,NA,NA,NA,0.9,NA,NA,NA,NA,NA,NA,NA,NA,NA,NA,NA,NA,NA,NA,NA,NA,NA,NA,NA,NA,NA,NA,NA,NA,NA,NA,NA,NA,NA,NA,NA,NA,NA,NA,NA,NA,NA,NA,NA,NA,NA,NA,NA,NA,NA,NA,NA,NA,NA,NA,NA,NA,NA,NA,NA,NA,NA,NA,NA,NA,NA,NA,NA,NA,NA,NA,NA,NA,NA,NA,NA,NA,NA,NA,NA,NA,NA,NA,NA,NA
"30",2017,4836.33,NA,NA,NA,0.92,0.541466929849297,0.304351912773757,NA,NA,NA,NA,NA,NA,NA,NA,NA,NA,NA,NA,NA,NA,NA,NA,NA,NA,NA,NA,NA,NA,NA,NA,NA,NA,NA,NA,NA,NA,NA,NA,NA,NA,NA,NA,NA,NA,NA,NA,NA,NA,NA,NA,NA,NA,NA,NA,NA,NA,NA,NA,NA,NA,NA,NA,NA,NA,NA,NA,NA,NA,NA,NA,NA,NA,NA,NA,NA,NA,NA,NA,NA,NA,NA,NA,NA,NA
"30",2018,4881,NA,NA,NA,0.78,0.569587305569493,0.310461615654792,NA,NA,NA,NA,NA,NA,NA,NA,NA,NA,NA,NA,NA,NA,NA,NA,NA,NA,NA,NA,NA,NA,NA,NA,NA,NA,NA,NA,NA,NA,NA,NA,NA,NA,NA,NA,NA,NA,NA,NA,NA,NA,NA,NA,NA,NA,NA,NA,NA,NA,NA,NA,NA,NA,NA,NA,NA,NA,NA,NA,NA,NA,NA,NA,NA,NA,NA,NA,NA,NA,NA,NA,NA,NA,NA,NA,NA,NA
"30",2019,5491.33,11,27895,0.465817246676909,0.683333333333333,0.602881933684537,0.318035326929036,71.9305856832972,65.2432599938023,71.6789272056275,NA,NA,NA,NA,NA,NA,NA,NA,NA,NA,NA,NA,0,0,1.33802628,0,24.05717432,31.42857143,62.85714286,6256,NA,NA,NA,NA,NA,0.219303423848879,0,NA,NA,NA,NA,31.4285714285714,NA,NA,0,0,0,45.7142857142857,0.458940093093868,1411,9.07278310641867,NA,NA,NA,NA,NA,NA,NA,NA,NA,NA,NA,NA,NA,NA,NA,NA,NA,NA,NA,NA,NA,NA,NA,NA,NA,NA,NA,NA,NA,NA,NA,NA,NA,NA
"30",2020,5187.67,NA,NA,NA,NA,NA,NA,NA,NA,76.2657446509804,NA,NA,NA,NA,NA,NA,NA,NA,NA,NA,NA,NA,0,NA,NA,NA,NA,NA,NA,NA,NA,NA,NA,NA,NA,NA,NA,NA,NA,NA,NA,NA,NA,NA,NA,NA,NA,NA,NA,NA,NA,NA,NA,NA,NA,NA,NA,NA,NA,NA,NA,NA,NA,NA,NA,NA,NA,NA,NA,NA,NA,NA,NA,NA,NA,NA,NA,NA,NA,NA,NA,NA,NA,NA,NA
"30",2021,4766.33,5.5,NA,NA,NA,NA,NA,NA,NA,96.6189755785231,95.3,112.4,91.58,105.32,19.3,35.05,29.59,18.78,146.89,146.25,127.08,122.6,0,NA,NA,NA,NA,NA,NA,NA,NA,NA,NA,NA,NA,NA,NA,NA,NA,NA,NA,NA,NA,NA,NA,NA,NA,NA,NA,NA,NA,0.00071787952175773,0.000176334384477362,0.000137286621550734,0.000179078665234806,21,81800,25.0170847188264,25.3040226161369,0.00161941035420037,7.72036678200844e-05,0.000120908693588959,20,7.92590355812936e-05,35188,25.5513518813232,24.8495353529612,0.00919499490185947,0.000802784885322956,0.00134262203603549,0.00128376197495529,21,15633,NA,NA,24.5474547431715,23.2580406831702,0.00431079265683079,108,0.0011068126941101,0.00135579969779343,0.0013637007369029,81800,16.735466992665,18.0145024449878
"25",2015,4932.5,NA,NA,NA,15.4533333333333,NA,NA,NA,NA,NA,NA,NA,NA,NA,NA,NA,NA,NA,NA,NA,NA,NA,NA,NA,NA,NA,NA,NA,NA,NA,NA,NA,NA,NA,NA,NA,NA,NA,NA,NA,NA,NA,NA,NA,NA,NA,NA,NA,NA,NA,NA,NA,NA,NA,NA,NA,NA,NA,NA,NA,NA,NA,NA,NA,NA,NA,NA,NA,NA,NA,NA,NA,NA,NA,NA,NA,NA,NA,NA,NA,NA,NA,NA,NA,NA
"25",2016,4193.5,NA,NA,NA,14.43,NA,NA,NA,NA,NA,NA,NA,NA,NA,NA,NA,NA,NA,NA,NA,NA,NA,NA,NA,NA,NA,NA,NA,NA,NA,NA,NA,NA,NA,NA,NA,NA,NA,NA,NA,NA,NA,NA,NA,NA,NA,NA,NA,NA,NA,NA,NA,NA,NA,NA,NA,NA,NA,NA,NA,NA,NA,NA,NA,NA,NA,NA,NA,NA,NA,NA,NA,NA,NA,NA,NA,NA,NA,NA,NA,NA,NA,NA,NA,NA
"25",2017,3828,NA,NA,NA,13.5366666666667,0.911284349780366,0.831060373889059,NA,NA,NA,NA,NA,NA,NA,NA,NA,NA,NA,NA,NA,NA,NA,NA,NA,NA,NA,NA,NA,NA,NA,NA,NA,NA,NA,NA,NA,NA,NA,NA,NA,NA,NA,NA,NA,NA,NA,NA,NA,NA,NA,NA,NA,NA,NA,NA,NA,NA,NA,NA,NA,NA,NA,NA,NA,NA,NA,NA,NA,NA,NA,NA,NA,NA,NA,NA,NA,NA,NA,NA,NA,NA,NA,NA,NA,NA
"25",2018,3485.5,NA,NA,NA,12.12,0.92513677118687,0.853851122030292,NA,NA,NA,NA,NA,NA,NA,NA,NA,NA,NA,NA,NA,NA,NA,NA,NA,NA,NA,NA,NA,NA,NA,NA,NA,NA,NA,NA,NA,NA,NA,NA,NA,NA,NA,NA,NA,NA,NA,NA,NA,NA,NA,NA,NA,NA,NA,NA,NA,NA,NA,NA,NA,NA,NA,NA,NA,NA,NA,NA,NA,NA,NA,NA,NA,NA,NA,NA,NA,NA,NA,NA,NA,NA,NA,NA,NA,NA
"25",2019,4129.5,16,223308,0.67135869352807,12.0433333333333,0.936485749565937,0.864052049968973,96.7945141940215,95.5396486125649,145.316613626966,NA,NA,NA,NA,NA,NA,NA,NA,NA,NA,NA,NA,90.3154000788331,0.856151245,0.08258626,0.045291867,1.484867745,40,17.14285714,1515,NA,NA,NA,NA,NA,0.210145914691369,25.9507781243079,NA,NA,NA,NA,65.7142857142857,NA,7,1.01686726499718,7.7759054917726,0.276154904273321,54.2857142857143,1.07499324316184,27019,50.6066186207411,NA,NA,NA,NA,NA,NA,NA,NA,NA,NA,NA,NA,NA,NA,NA,NA,NA,NA,NA,NA,NA,NA,NA,NA,NA,NA,NA,NA,NA,NA,NA,NA,NA,NA
"25",2020,4771.5,NA,NA,NA,NA,NA,NA,NA,NA,170.555030847606,NA,NA,NA,NA,NA,NA,NA,NA,NA,NA,NA,NA,89.2515149759848,NA,NA,NA,NA,NA,NA,NA,NA,NA,NA,NA,NA,NA,NA,NA,NA,NA,NA,NA,NA,NA,NA,NA,NA,NA,NA,NA,NA,NA,NA,NA,NA,NA,NA,NA,NA,NA,NA,NA,NA,NA,NA,NA,NA,NA,NA,NA,NA,NA,NA,NA,NA,NA,NA,NA,NA,NA,NA,NA,NA,NA,NA
"25",2021,4411.5,10.5,NA,NA,NA,NA,NA,NA,NA,208.295250416295,39.3,50.35,32.08,57.05,4.6,6.4,5.73636363636364,4.62,43.48,43.85,37.68,40.2,90.8617414118829,NA,NA,NA,NA,NA,NA,NA,NA,NA,NA,NA,NA,NA,NA,NA,NA,NA,NA,NA,NA,NA,NA,NA,NA,NA,NA,NA,NA,0.00184094249401711,0.000353585463082392,0.000626471279845085,0.00045093149413135,267,519583,6.37653822392188,6.58063620249315,0.00834711452426007,0.000400456060406013,0.000749484271499954,153,0.000570342072419674,202167,8.74532401430501,9.04248690439093,0.0117207450470619,0.00239849421058069,0.00129723680042442,0.00172272745927277,204,141258,NA,NA,7.50655941610387,7.70599930623398,0.00940226357113295,730,0.00247726588310622,0.0012950467760573,0.00174136739579243,519583,5.88209508394231,5.95947904377164
